season,market,date,stake,price,p_model,pnl,bankroll
2023,ATS,2022-10-18,1.0,-110.70588235294117,0.5407918884754638,0.9032943676939427,100.90329436769395
2023,ATS,2022-10-19,1.0,-110.0,0.5354597453734162,-1.0,99.90329436769395
2023,ATS,2022-10-19,1.0,-110.0,0.5754911064826279,0.9090909090909091,100.81238527678485
2023,ATS,2022-10-19,1.0,-109.75,0.5514572534330553,-1.0,99.81238527678485
2023,ATS,2022-10-19,1.0,-110.0,0.6567405015643061,-1.0,98.81238527678485
2023,ATS,2022-10-19,1.0,-97.82352941176471,0.5397373553920682,1.0222489476849068,99.83463422446975
2023,ATS,2022-10-19,1.0,-109.64285714285714,0.5539184482970585,-1.0,98.83463422446975
2023,ATS,2022-10-21,1.0,-113.2,0.8160231197216898,-1.0,97.83463422446975
2023,ATS,2022-10-21,1.0,-110.0,0.6422006538562784,-1.0,96.83463422446975
2023,ATS,2022-10-21,1.0,-41.166666666666664,0.557361874716339,2.4291497975708505,99.2637840220406
2023,ATS,2022-10-21,1.0,-110.0,0.5974316818316661,-1.0,98.2637840220406
2023,ATS,2022-10-21,1.0,-115.28571428571429,0.5726074316019811,0.8674101610904584,99.13119418313106
2023,ATS,2022-10-21,1.0,-110.0,0.6304303594181893,0.9090909090909091,100.04028509222196
2023,ATS,2022-10-28,1.0,-110.0,0.5635893929613353,0.9090909090909091,100.94937600131287
2023,ATS,2022-10-28,1.0,-112.5,0.6753773968468324,-1.0,99.94937600131287
2023,ATS,2022-10-28,1.0,-64.8,0.6311878605659068,-1.0,98.94937600131287
2023,ATS,2022-10-28,1.0,-110.0,0.8669598928880762,-1.0,97.94937600131287
2023,ATS,2022-10-28,1.0,-69.4,0.5497606506190832,-1.0,96.94937600131287
2023,ATS,2022-10-29,1.0,-109.28571428571429,0.5419656064687488,0.9150326797385621,97.86440868105143
2023,ATS,2022-10-29,1.0,-111.0,0.7898959860634188,0.9009009009009009,98.76530958195234
2023,ATS,2022-10-29,1.0,-110.0,0.599473462829037,0.9090909090909091,99.67440049104324
2023,ATS,2022-11-04,1.0,-110.0,0.5616500592391128,0.9090909090909091,100.58349140013415
2023,ATS,2022-11-04,1.0,-110.0,0.7335129215088405,-1.0,99.58349140013415
2023,ATS,2022-11-04,1.0,-109.4,0.629875807931912,-1.0,98.58349140013415
2023,ATS,2022-11-04,1.0,-114.42857142857143,0.5498715895661563,0.8739076154806492,99.4573990156148
2023,ATS,2022-11-04,1.0,-115.6,0.5981898283987599,-1.0,98.4573990156148
2023,ATS,2022-11-25,1.0,-110.0,0.8503868398767636,0.9090909090909091,99.3664899247057
2023,ATS,2022-11-26,1.0,-110.0,0.5651483459178734,0.9090909090909091,100.27558083379661
2023,ATS,2022-12-10,1.0,-110.0,0.6624855410044529,0.9090909090909091,101.18467174288752
2023,ATS,2022-12-17,1.0,-130.0,0.691269092360453,-1.0,100.18467174288752
2023,ATS,2022-12-25,1.0,-109.5,0.5487850808745034,0.91324200913242,101.09791375201993
2023,ATS,2022-12-25,1.0,-110.0,0.5840087717852016,-1.0,100.09791375201993
2023,ATS,2022-12-25,1.0,-109.28571428571429,0.669973153037576,-1.0,99.09791375201993
2023,ATS,2022-12-31,1.0,-108.66666666666667,0.6743120700375341,0.920245398773006,100.01815915079294
2023,ATS,2023-01-07,1.0,-109.33333333333333,0.7115860373980805,0.9146341463414634,100.93279329713441
2023,ATS,2023-01-14,1.0,-110.0,0.6196713375722124,0.9090909090909091,101.84188420622532
2023,ATS,2023-01-21,1.0,-110.0,0.6020539956971939,0.9090909090909091,102.75097511531622
2023,ATS,2023-02-04,1.0,-110.0,0.5328107693113106,-1.0,101.75097511531622
2023,ATS,2023-02-11,1.0,-110.0,0.6069888011678258,-1.0,100.75097511531622
2023,ATS,2023-02-25,1.0,-107.5,0.5463883002549135,0.9302325581395349,101.68120767345576
2023,ATS,2023-03-04,1.0,-108.66666666666667,0.62525115837398,-1.0,100.68120767345576
2023,ATS,2023-03-11,1.0,-110.0,0.6644463177233763,-1.0,99.68120767345576
2023,ATS,2023-03-17,1.0,-110.0,0.5867891483156794,-1.0,98.68120767345576
2023,ATS,2023-03-17,1.0,-113.16666666666667,0.6610462949168626,-1.0,97.68120767345576
2023,ATS,2023-03-18,1.0,-106.0,0.6832408741302801,0.9433962264150944,98.62460389987085
2023,ATS,2023-03-24,1.0,-110.0,0.6870366849247349,-1.0,97.62460389987085
2023,ATS,2023-03-24,1.0,-110.0,0.7309925940367668,0.9090909090909091,98.53369480896176
2023,ATS,2023-03-31,1.0,-110.0,0.8700080706902066,0.9090909090909091,99.44278571805266
2023,ATS,2023-03-31,1.0,-117.66666666666667,0.5808107341090952,0.8498583569405099,100.29264407499318
2023,ATS,2023-03-31,1.0,-110.0,0.5550239988041231,0.9090909090909091,101.20173498408408
2023,ATS,2023-03-31,1.0,-110.0,0.6249670945278913,0.9090909090909091,102.11082589317499
2023,ATS,2023-03-31,1.0,-118.6,0.8116941470957315,-1.0,101.11082589317499
2023,ATS,2023-04-01,1.0,-110.0,0.5805549632106182,0.9090909090909091,102.0199168022659
2023,ATS,2023-04-07,1.0,-110.0,0.6598777851414432,-1.0,101.0199168022659
2023,ATS,2023-04-07,1.0,-110.0,0.7243549666642555,0.9090909090909091,101.9290077113568
2023,ATS,2023-04-07,1.0,-113.625,0.7837458671765622,-1.0,100.9290077113568
2023,ATS,2023-04-07,1.0,-113.14285714285714,0.6726607265585521,0.8838383838383839,101.81284609519518
2023,ATS,2023-04-07,1.0,-110.0,0.6072633995556295,-1.0,100.81284609519518
2023,ATS,2023-04-07,1.0,-116.66666666666667,0.5612790888249467,0.8571428571428571,101.66998895233804
2023,ATS,2023-04-08,1.0,-110.0,0.6559554891490074,0.9090909090909091,102.57907986142895
2023,ATS,2023-04-08,1.0,-111.25,0.7804560083605309,-1.0,101.57907986142895
2024,ATS,2023-10-24,1.0,-110.0,0.7284823443296432,-1.0,99.0
2024,ATS,2023-10-25,1.0,-109.15384615384616,0.5490665330493711,-1.0,98.0
2024,ATS,2023-10-25,1.0,-109.7,0.5582244778345947,0.9115770282588879,98.91157702825889
2024,ATS,2023-10-25,1.0,-44.5,0.5687984057427551,2.247191011235955,101.15876803949484
2024,ATS,2023-10-25,1.0,-110.0,0.5603210576954527,-1.0,100.15876803949484
2024,ATS,2023-10-25,1.0,-109.6,0.5482535801043718,-1.0,99.15876803949484
2024,ATS,2023-10-25,1.0,-110.0,0.7401585837577197,-1.0,98.15876803949484
2024,ATS,2023-10-26,1.0,-110.0,0.6148755932174989,0.9090909090909091,99.06785894858575
2024,ATS,2023-10-27,1.0,-84.75,0.6021235752685868,-1.0,98.06785894858575
2024,ATS,2023-10-27,1.0,-25.0,0.7490685840145537,4.0,102.06785894858575
2024,ATS,2023-10-27,1.0,-117.75,0.7650353729579467,-1.0,101.06785894858575
2024,ATS,2023-10-28,1.0,-110.0,0.6226382686472665,-1.0,100.06785894858575
2024,ATS,2023-10-28,1.0,-108.55555555555556,0.626783130419954,-1.0,99.06785894858575
2024,ATS,2023-11-03,1.0,-110.0,0.7031072047501326,0.9090909090909091,99.97694985767666
2024,ATS,2023-11-03,1.0,-110.0,0.5871955879722648,0.9090909090909091,100.88604076676756
2024,ATS,2023-11-03,1.0,-110.0,0.6145936840558901,0.9090909090909091,101.79513167585847
2024,ATS,2023-11-10,1.0,-110.0,0.586396594911027,-1.0,100.79513167585847
2024,ATS,2023-11-10,1.0,-110.0,0.6271467735240864,0.9090909090909091,101.70422258494938
2024,ATS,2023-11-14,1.0,-110.0,0.5917377760369967,0.9090909090909091,102.61331349404028
2024,ATS,2023-11-14,1.0,-111.25,0.5566274933183926,-1.0,101.61331349404028
2024,ATS,2023-11-14,1.0,-107.5,0.5427529422067818,0.9302325581395349,102.54354605217982
2024,ATS,2023-11-14,1.0,-110.0,0.5401509693826049,-1.0,101.54354605217982
2024,ATS,2023-11-17,1.0,-110.0,0.6205831423420233,0.9090909090909091,102.45263696127073
2024,ATS,2023-11-17,1.0,-110.0,0.5713532660620662,0.9090909090909091,103.36172787036163
2024,ATS,2023-11-21,1.0,-110.0,0.577669573135954,0.9090909090909091,104.27081877945254
2024,ATS,2023-11-21,1.0,-111.25,0.5780707300949406,-1.0,103.27081877945254
2024,ATS,2023-11-24,1.0,-111.25,0.5514893013216153,0.898876404494382,104.16969518394693
2024,ATS,2023-11-24,1.0,-118.83333333333333,0.5363897281325123,-1.0,103.16969518394693
2024,ATS,2023-11-24,1.0,-110.0,0.6787524885145646,0.9090909090909091,104.07878609303783
2024,ATS,2023-11-24,1.0,-108.75,0.6091318775324085,0.9195402298850575,104.99832632292289
2024,ATS,2023-11-28,1.0,-110.0,0.5615723242313754,0.9090909090909091,105.9074172320138
2024,ATS,2023-11-28,1.0,-107.5,0.5353241278610635,0.9302325581395349,106.83764979015334
2024,ATS,2023-12-02,1.0,-110.0,0.6471022200424272,0.9090909090909091,107.74674069924424
2024,ATS,2023-12-02,1.0,-110.0,0.5570943659011072,-1.0,106.74674069924424
2024,ATS,2023-12-25,1.0,-110.0,0.6401076472446464,0.9090909090909091,107.65583160833515
2024,ATS,2023-12-25,1.0,-109.28571428571429,0.5378300193391428,0.9150326797385621,108.57086428807371
2024,ATS,2024-01-15,1.0,-112.5,0.6628782169691773,-1.0,107.57086428807371
2024,ATS,2024-01-15,1.0,-110.0,0.601785517537839,-1.0,106.57086428807371
2024,ATS,2024-01-15,1.0,-110.0,0.5700051253986331,-1.0,105.57086428807371
2024,ATS,2024-01-15,1.0,-110.0,0.5712502185252715,-1.0,104.57086428807371
2024,ATS,2024-01-27,1.0,-110.0,0.5615978380641647,0.9090909090909091,105.47995519716461
2024,ATS,2024-01-27,1.0,-111.66666666666667,0.7143990573913402,0.8955223880597014,106.37547758522432
2024,ATS,2024-01-27,1.0,-110.0,0.5639129222237862,-1.0,105.37547758522432
2024,ATS,2024-02-03,1.0,-110.0,0.5907410021470803,0.9090909090909091,106.28456849431522
2024,ATS,2024-02-10,1.0,-113.8,0.5696070156854476,0.8787346221441125,107.16330311645933
2024,ATS,2024-02-10,1.0,-110.0,0.5398484906736475,0.9090909090909091,108.07239402555024
2024,ATS,2024-02-10,1.0,-107.66666666666667,0.6008883396475004,0.9287925696594427,109.00118659520967
2024,ATS,2024-03-02,1.0,-110.0,0.5637619833141273,0.9090909090909091,109.91027750430058
2024,ATS,2024-03-09,1.0,-110.0,0.6533640723439503,-1.0,108.91027750430058
2024,ATS,2024-03-15,1.0,-115.0,0.7504752782353175,0.8695652173913043,109.77984272169188
2024,ATS,2024-03-15,1.0,-108.2,0.6063895188784691,-1.0,108.77984272169188
2024,ATS,2024-03-15,1.0,-108.33333333333333,0.7228368988174986,-1.0,107.77984272169188
2024,ATS,2024-03-22,1.0,-116.0,0.6198552465378773,-1.0,106.77984272169188
2024,ATS,2024-03-22,1.0,-59.75,0.5546550993820596,-1.0,105.77984272169188
2024,ATS,2024-03-23,1.0,-110.0,0.5931688578183898,-1.0,104.77984272169188
2024,ATS,2024-03-23,1.0,-109.2,0.5433534430003744,-1.0,103.77984272169188
2024,ATS,2024-03-23,1.0,-109.0,0.5670860752887686,0.9174311926605505,104.69727391435242
2024,ATS,2024-03-29,1.0,-117.8,0.7686625050947816,0.8488964346349746,105.5461703489874
2024,ATS,2024-03-29,1.0,-110.0,0.6582391743398418,-1.0,104.5461703489874
2024,ATS,2024-03-29,1.0,-130.0,0.5686995945435314,-1.0,103.5461703489874
2024,ATS,2024-03-29,1.0,-110.0,0.6922367149975879,0.9090909090909091,104.45526125807831
2024,ATS,2024-03-29,1.0,-116.75,0.6544430340550165,-1.0,103.45526125807831
2024,ATS,2024-03-29,1.0,-111.0,0.6459262977716003,-1.0,102.45526125807831
2024,ATS,2024-04-05,1.0,-111.4,0.5983595777746588,-1.0,101.45526125807831
2024,ATS,2024-04-05,1.0,-112.5,0.6041477385115805,-1.0,100.45526125807831
2024,ATS,2024-04-05,1.0,-110.0,0.6490980523577555,-1.0,99.45526125807831
2024,ATS,2024-04-05,1.0,-110.0,0.6066181245884794,-1.0,98.45526125807831
2024,ATS,2024-04-06,1.0,-109.33333333333333,0.5953130699252973,0.9146341463414634,99.36989540441978
2024,ATS,2024-04-12,1.0,-110.0,0.7629172277602159,-1.0,98.36989540441978
2024,ATS,2024-04-12,1.0,-118.66666666666667,0.6515082854916867,0.8426966292134831,99.21259203363326
2024,ATS,2024-04-12,1.0,-110.0,0.6577642734696247,0.9090909090909091,100.12168294272416
2024,ATS,2024-04-12,1.0,-110.0,0.5537428176282057,0.9090909090909091,101.03077385181507
2024,ATS,2024-04-12,1.0,-110.0,0.6216956039767577,-1.0,100.03077385181507
2025,ATS,2024-10-22,1.0,-110.0,0.5374504051793153,-1.0,99.0
2025,ATS,2024-10-23,1.0,-110.0,0.6146910916317848,0.9090909090909091,99.9090909090909
2025,ATS,2024-10-23,1.0,-110.2,0.745374164902724,-1.0,98.9090909090909
2025,ATS,2024-10-23,1.0,-109.0,0.5539381059669644,-1.0,97.9090909090909
2025,ATS,2024-10-23,1.0,-110.0,0.6591930249795841,0.9090909090909091,98.81818181818181
2025,ATS,2024-10-23,1.0,-111.77777777777777,0.5752638560436063,-1.0,97.81818181818181
2025,ATS,2024-10-24,1.0,-110.0,0.541515642687832,-1.0,96.81818181818181
2025,ATS,2024-10-25,1.0,-110.0,0.5480821375052606,-1.0,95.81818181818181
2025,ATS,2024-10-25,1.0,-110.0,0.5870581987506471,-1.0,94.81818181818181
2025,ATS,2024-10-25,1.0,-110.0,0.607319003541555,-1.0,93.81818181818181
2025,ATS,2024-10-25,1.0,-110.0,0.6672705303511712,-1.0,92.81818181818181
2025,ATS,2024-10-25,1.0,-110.0,0.6384424055737129,-1.0,91.81818181818181
2025,ATS,2024-10-26,1.0,-116.0,0.6355767199680364,0.8620689655172413,92.68025078369905
2025,ATS,2024-10-26,1.0,-109.2,0.6711056907285159,-1.0,91.68025078369905
2025,ATS,2024-10-27,1.0,-110.0,0.6030619943527459,0.9090909090909091,92.58934169278996
2025,ATS,2024-10-27,1.0,-108.66666666666667,0.6995693356209363,0.920245398773006,93.50958709156296
2025,ATS,2024-10-27,1.0,-110.0,0.5995189180766689,-1.0,92.50958709156296
2025,ATS,2024-10-28,1.0,-110.0,0.5984759769271397,0.9090909090909091,93.41867800065387
2025,ATS,2024-10-28,1.0,-113.28571428571429,0.6601262843985682,-1.0,92.41867800065387
2025,ATS,2024-10-28,1.0,-79.57142857142857,0.618419625157836,-1.0,91.41867800065387
2025,ATS,2024-10-28,1.0,-108.66666666666667,0.6275425005530416,0.920245398773006,92.33892339942687
2025,ATS,2024-10-28,1.0,-110.0,0.5948106211308647,0.9090909090909091,93.24801430851778
2025,ATS,2024-10-29,1.0,-109.33333333333333,0.6228325337525492,0.9146341463414634,94.16264845485925
2025,ATS,2024-10-29,1.0,-110.0,0.5395027086923339,0.9090909090909091,95.07173936395016
2025,ATS,2024-10-30,1.0,-110.0,0.7099630554643246,0.9090909090909091,95.98083027304106
2025,ATS,2024-10-30,1.0,-113.5,0.709186230312493,0.8810572687224669,96.86188754176354
2025,ATS,2024-10-30,1.0,-110.0,0.6742416554345934,-1.0,95.86188754176354
2025,ATS,2024-10-30,1.0,-107.125,0.541158223018408,0.9334889148191365,96.79537645658267
2025,ATS,2024-10-30,1.0,-110.0,0.6606408720055639,-1.0,95.79537645658267
2025,ATS,2024-10-30,1.0,-111.4,0.5878048937748426,-1.0,94.79537645658267
2025,ATS,2024-10-30,1.0,-109.11111111111111,0.7572541191292324,0.9164969450101833,95.71187340159285
2025,ATS,2024-11-01,1.0,-109.2,0.5337931393716682,0.9157509157509157,96.62762431734377
2025,ATS,2024-11-01,1.0,-109.2,0.6082320662824103,-1.0,95.62762431734377
2025,ATS,2024-11-01,1.0,-109.0,0.5813832411197901,-1.0,94.62762431734377
2025,ATS,2024-11-01,1.0,-110.0,0.5549274230589853,0.9090909090909091,95.53671522643468
2025,ATS,2024-11-01,1.0,-110.0,0.7221127978961881,0.9090909090909091,96.44580613552559
2025,ATS,2024-11-01,1.0,-110.0,0.5633799898489396,-1.0,95.44580613552559
2025,ATS,2024-11-02,1.0,-111.0,0.5749676477749199,0.9009009009009009,96.3467070364265
2025,ATS,2024-11-02,1.0,-114.6,0.6866207753004601,-1.0,95.3467070364265
2025,ATS,2024-11-02,1.0,-111.33333333333333,0.5435721733317587,-1.0,94.3467070364265
2025,ATS,2024-11-03,1.0,-110.0,0.6426367903651551,-1.0,93.3467070364265
2025,ATS,2024-11-09,1.0,-115.0,0.6907940982815974,-1.0,92.3467070364265
2025,ATS,2024-11-10,1.0,-110.0,0.6551774959329288,0.9090909090909091,93.2557979455174
2025,ATS,2024-11-10,1.0,-110.0,0.5637823216739514,-1.0,92.2557979455174
2025,ATS,2024-11-10,1.0,-109.14285714285714,0.5739285791748763,0.9162303664921466,93.17202831200954
2025,ATS,2024-11-13,1.0,-107.42857142857143,0.7116531185308794,0.9308510638297872,94.10287937583934
2025,ATS,2024-11-16,1.0,-110.5,0.6355712597826202,0.9049773755656109,95.00785675140494
2025,ATS,2024-11-17,1.0,-118.25,0.7691499701054603,0.8456659619450317,95.85352271334997
2025,ATS,2024-11-17,1.0,-110.0,0.6941531697353146,0.9090909090909091,96.76261362244088
2025,ATS,2024-11-17,1.0,-110.33333333333333,0.576638366881909,-1.0,95.76261362244088
2025,ATS,2024-11-17,1.0,-110.0,0.5992379866259281,0.9090909090909091,96.67170453153179
2025,ATS,2024-11-17,1.0,-110.0,0.7559223424826698,0.9090909090909091,97.5807954406227
2025,ATS,2024-11-17,1.0,-110.0,0.8246252830495103,-1.0,96.5807954406227
2025,ATS,2024-11-23,1.0,-110.0,0.8619124851177282,-1.0,95.5807954406227
2025,ATS,2024-11-23,1.0,-110.0,0.6056493380199707,0.9090909090909091,96.4898863497136
2025,ATS,2024-11-24,1.0,-109.2,0.5497085555546949,-1.0,95.4898863497136
2025,ATS,2024-11-24,1.0,-110.0,0.6147384612354744,-1.0,94.4898863497136
2025,ATS,2024-11-24,1.0,-112.5,0.5516502266050283,-1.0,93.4898863497136
2025,ATS,2024-11-29,1.0,-109.33333333333333,0.7538007643036517,0.9146341463414634,94.40452049605507
2025,ATS,2024-12-01,1.0,-109.5,0.6481682047578455,0.91324200913242,95.31776250518749
2025,ATS,2024-12-01,1.0,-110.0,0.6451943866611388,-1.0,94.31776250518749
2025,ATS,2024-12-01,1.0,-110.0,0.8930738066856915,-1.0,93.31776250518749
2025,ATS,2024-12-01,1.0,-109.6,0.5390777548010297,0.9124087591240876,94.23017126431158
2025,ATS,2024-12-07,1.0,-110.0,0.5866330408710568,-1.0,93.23017126431158
2025,ATS,2024-12-08,1.0,-109.2,0.6772412282126143,0.9157509157509157,94.1459221800625
2025,ATS,2024-12-08,1.0,-110.0,0.5458367578157222,-1.0,93.1459221800625
2025,ATS,2024-12-08,1.0,-110.0,0.6871140933528104,0.9090909090909091,94.0550130891534
2025,ATS,2024-12-08,1.0,-118.0,0.8313259449232457,-1.0,93.0550130891534
2025,ATS,2024-12-08,1.0,-109.33333333333333,0.6122709655559996,0.9146341463414634,93.96964723549488
2025,ATS,2024-12-08,1.0,-113.66666666666667,0.5329207960101545,0.8797653958944281,94.8494126313893
2025,ATS,2024-12-15,1.0,-112.33333333333333,0.663457098438399,-1.0,93.8494126313893
2025,ATS,2024-12-15,1.0,-115.0,0.8301630361745685,0.8695652173913043,94.7189778487806
2025,ATS,2024-12-15,1.0,-110.0,0.5659322037909172,-1.0,93.7189778487806
2025,ATS,2024-12-21,1.0,-110.0,0.5418459247448143,0.9090909090909091,94.6280687578715
2025,ATS,2024-12-22,1.0,-110.0,0.5897152383808137,0.9090909090909091,95.53715966696241
2025,ATS,2024-12-25,1.0,-110.0,0.6053666943461612,0.9090909090909091,96.44625057605332
2025,ATS,2024-12-25,1.0,-110.5,0.5874668676066382,-1.0,95.44625057605332
2025,ATS,2024-12-28,1.0,-110.0,0.571533129114771,-1.0,94.44625057605332
2025,ATS,2024-12-29,1.0,-116.5,0.6445380043808184,-1.0,93.44625057605332
2025,ATS,2024-12-31,1.0,-110.0,0.6839250166238895,-1.0,92.44625057605332
2025,ATS,2025-01-04,1.0,-113.0,0.828544982272528,-1.0,91.44625057605332
2025,ATS,2025-01-05,1.0,-110.0,0.7353781023476,0.9090909090909091,92.35534148514422
2025,ATS,2025-01-05,1.0,-110.0,0.5852619401339302,0.9090909090909091,93.26443239423513
2025,ATS,2025-01-05,1.0,-108.66666666666667,0.6728048254055812,-1.0,92.26443239423513
2025,ATS,2025-01-05,1.0,-109.5,0.684488141047742,0.91324200913242,93.17767440336755
2025,ATS,2025-01-11,1.0,-110.0,0.6276854271125738,-1.0,92.17767440336755
2025,ATS,2025-01-12,1.0,-110.0,0.5646552856135488,-1.0,91.17767440336755
2025,ATS,2025-01-12,1.0,-110.5,0.6064240569769607,-1.0,90.17767440336755
2025,ATS,2025-01-12,1.0,-110.0,0.5917868712746682,0.9090909090909091,91.08676531245845
2025,ATS,2025-01-12,1.0,-110.0,0.534296052249967,0.9090909090909091,91.99585622154936
2025,ATS,2025-01-12,1.0,-110.0,0.5391977993578401,0.9090909090909091,92.90494713064027
2025,ATS,2025-01-18,1.0,-110.0,0.6797730016599266,-1.0,91.90494713064027
2025,ATS,2025-01-19,1.0,-110.0,0.546588335950084,-1.0,90.90494713064027
2025,ATS,2025-01-20,1.0,-111.0,0.5982394532048395,-1.0,89.90494713064027
2025,ATS,2025-01-20,1.0,-110.0,0.6440076621131191,-1.0,88.90494713064027
2025,ATS,2025-01-20,1.0,-105.25,0.5708645585265614,0.9501187648456056,89.85506589548588
2025,ATS,2025-01-20,1.0,-114.75,0.9891345563344058,-1.0,88.85506589548588
2025,ATS,2025-01-23,1.0,-108.25,0.6911474902615907,-1.0,87.85506589548588
2025,ATS,2025-01-25,1.0,-115.0,0.5935227424001104,-1.0,86.85506589548588
2025,ATS,2025-01-25,1.0,-112.25,0.7666861437816896,-1.0,85.85506589548588
2025,ATS,2025-01-25,1.0,-110.0,0.5308391274161844,0.9090909090909091,86.76415680457679
2025,ATS,2025-01-26,1.0,-109.33333333333333,0.5918899054295679,0.9146341463414634,87.67879095091826
2025,ATS,2025-02-01,1.0,-110.0,0.8438615933107823,-1.0,86.67879095091826
2025,ATS,2025-02-01,1.0,-109.2,0.6288097800241532,-1.0,85.67879095091826
2025,ATS,2025-02-02,1.0,-110.0,0.5605383144690902,-1.0,84.67879095091826
2025,ATS,2025-02-02,1.0,-106.4,0.6123383070021653,0.9398496240601504,85.6186405749784
2025,ATS,2025-02-02,1.0,-110.0,0.7991278088574247,0.9090909090909091,86.5277314840693
2025,ATS,2025-02-08,1.0,-110.0,0.6799333944777315,0.9090909090909091,87.43682239316021
2025,ATS,2025-02-08,1.0,-110.0,0.6069899357019899,-1.0,86.43682239316021
2025,ATS,2025-02-09,1.0,-110.0,0.7339466493063359,0.9090909090909091,87.34591330225112
2025,ATS,2025-02-09,1.0,-110.0,0.5599081357633189,-1.0,86.34591330225112
2025,ATS,2025-02-12,1.0,-110.71428571428571,0.5316001565275116,-1.0,85.34591330225112
2025,ATS,2025-02-13,1.0,-107.5,0.5494869853731081,0.9302325581395349,86.27614586039066
2025,ATS,2025-02-22,1.0,-112.0,0.6600826624547365,0.8928571428571429,87.1690030032478
2025,ATS,2025-02-23,1.0,-110.0,0.683043320855515,-1.0,86.1690030032478
2025,ATS,2025-02-23,1.0,-112.75,0.6475760417240712,0.8869179600886918,87.05592096333649
2025,ATS,2025-02-23,1.0,-110.0,0.8113981386326063,-1.0,86.05592096333649
2025,ATS,2025-02-23,1.0,-110.0,0.5578138604212187,0.9090909090909091,86.9650118724274
2025,ATS,2025-02-23,1.0,-110.0,0.6859565298762158,-1.0,85.9650118724274
2025,ATS,2025-02-23,1.0,-110.0,0.6257356938513072,-1.0,84.9650118724274
2025,ATS,2025-02-26,1.0,-110.0,0.7342027133340917,0.9090909090909091,85.8741027815183
2025,ATS,2025-02-28,1.0,-110.0,0.7196552332027027,-1.0,84.8741027815183
2025,ATS,2025-03-01,1.0,-110.0,0.637903206344573,0.9090909090909091,85.78319369060921
2025,ATS,2025-03-02,1.0,-110.0,0.648585611817649,0.9090909090909091,86.69228459970012
2025,ATS,2025-03-02,1.0,-110.0,0.6603108521883938,0.9090909090909091,87.60137550879102
2025,ATS,2025-03-02,1.0,-110.0,0.5644705864516024,-1.0,86.60137550879102
2025,ATS,2025-03-08,1.0,-114.75,0.6445958822178255,0.8714596949891068,87.47283520378014
2025,ATS,2025-03-09,1.0,-109.2,0.7291303276140274,-1.0,86.47283520378014
2025,ATS,2025-03-09,1.0,-110.0,0.6216359839724543,0.9090909090909091,87.38192611287104
2025,ATS,2025-03-09,1.0,-110.0,0.6459890909889427,0.9090909090909091,88.29101702196195
2025,ATS,2025-03-10,1.0,-110.0,0.5360399206944605,-1.0,87.29101702196195
2025,ATS,2025-03-10,1.0,-110.0,0.6312435654089957,-1.0,86.29101702196195
2025,ATS,2025-03-10,1.0,-110.0,0.6151463374334915,-1.0,85.29101702196195
2025,ATS,2025-03-10,1.0,-115.25,0.5447754550612864,-1.0,84.29101702196195
2025,ATS,2025-03-11,1.0,-110.0,0.6579837286405182,-1.0,83.29101702196195
2025,ATS,2025-03-11,1.0,-110.0,0.5550179251711176,-1.0,82.29101702196195
2025,ATS,2025-03-11,1.0,-110.0,0.5537897920398992,0.9090909090909091,83.20010793105286
2025,ATS,2025-03-12,1.0,-105.28571428571429,0.5866706877487389,0.9497964721845318,84.14990440323739
2025,ATS,2025-03-12,1.0,-110.0,0.5331743502003021,0.9090909090909091,85.05899531232829
2025,ATS,2025-03-12,1.0,-109.5,0.6021387130818567,0.91324200913242,85.97223732146071
2025,ATS,2025-03-13,1.0,-120.0,0.6577949802273585,-1.0,84.97223732146071
2025,ATS,2025-03-13,1.0,-110.0,0.6666516093350771,-1.0,83.97223732146071
2025,ATS,2025-03-14,1.0,-110.5,0.7097159048273171,-1.0,82.97223732146071
2025,ATS,2025-03-14,1.0,-113.71428571428571,0.6815333421926115,-1.0,81.97223732146071
2025,ATS,2025-03-15,1.0,-117.0,0.6676892176538702,0.8547008547008547,82.82693817616156
2025,ATS,2025-03-15,1.0,-110.0,0.5462194298842928,-1.0,81.82693817616156
2025,ATS,2025-03-16,1.0,-110.0,0.7292082050907209,-1.0,80.82693817616156
2025,ATS,2025-03-16,1.0,-110.0,0.6589669245779535,0.9090909090909091,81.73602908525247
2025,ATS,2025-03-16,1.0,-110.0,0.5905377297372464,0.9090909090909091,82.64511999434337
2025,ATS,2025-03-16,1.0,-110.0,0.6851513822180808,-1.0,81.64511999434337
2025,ATS,2025-03-17,1.0,-113.8,0.6646628192685315,0.8787346221441125,82.52385461648748
2025,ATS,2025-03-18,1.0,-111.66666666666667,0.6778828397625433,-1.0,81.52385461648748
2025,ATS,2025-03-19,1.0,-110.0,0.5378330173699538,-1.0,80.52385461648748
2025,ATS,2025-03-20,1.0,-110.0,0.58016321923758,-1.0,79.52385461648748
2025,ATS,2025-03-20,1.0,-110.0,0.6080229704213078,0.9090909090909091,80.43294552557839
2025,ATS,2025-03-21,1.0,-104.75,0.6344503618668124,-1.0,79.43294552557839
2025,ATS,2025-03-22,1.0,-110.0,0.5642089225018647,0.9090909090909091,80.3420364346693
2025,ATS,2025-03-22,1.0,-110.0,0.779344438535185,-1.0,79.3420364346693
2025,ATS,2025-03-23,1.0,-110.0,0.718656889551499,-1.0,78.3420364346693
2025,ATS,2025-03-23,1.0,-110.0,0.5961664035436414,0.9090909090909091,79.2511273437602
2025,ATS,2025-03-23,1.0,-110.0,0.8438213488075605,0.9090909090909091,80.16021825285111
2025,ATS,2025-03-23,1.0,-110.0,0.9174602270789336,0.9090909090909091,81.06930916194202
2025,ATS,2025-03-23,1.0,-110.0,0.732535637722208,-1.0,80.06930916194202
2025,ATS,2025-03-23,1.0,-110.0,0.5305513251309171,0.9090909090909091,80.97840007103292
2025,ATS,2025-03-24,1.0,-119.16666666666667,0.534001878733406,0.8391608391608392,81.81756091019376
2025,ATS,2025-03-24,1.0,-109.33333333333333,0.5545805312225986,-1.0,80.81756091019376
2025,ATS,2025-03-24,1.0,100.0,0.6335260375316987,1.0,81.81756091019376
2025,ATS,2025-03-24,1.0,-110.0,0.5742137849180885,-1.0,80.81756091019376
2025,ATS,2025-03-25,1.0,-110.0,0.7630084321160544,-1.0,79.81756091019376
2025,ATS,2025-03-25,1.0,-110.0,0.6059694985565398,-1.0,78.81756091019376
2025,ATS,2025-03-25,1.0,-110.0,0.8361044650492855,-1.0,77.81756091019376
2025,ATS,2025-03-26,1.0,-108.25,0.7393356218215814,0.9237875288683602,78.74134843906212
2025,ATS,2025-03-26,1.0,-110.0,0.7143448990250925,0.9090909090909091,79.65043934815303
2025,ATS,2025-03-26,1.0,-111.2,0.614875901267374,-1.0,78.65043934815303
2025,ATS,2025-03-26,1.0,-114.16666666666667,0.5920132401328817,-1.0,77.65043934815303
2025,ATS,2025-03-27,1.0,-110.0,0.7248325264917878,0.9090909090909091,78.55953025724394
2025,ATS,2025-03-27,1.0,-109.0,0.5787735591837404,-1.0,77.55953025724394
2025,ATS,2025-03-27,1.0,-114.25,0.6838709977437331,0.87527352297593,78.43480378021987
2025,ATS,2025-03-28,1.0,-117.75,0.7027318299699146,0.8492569002123143,79.28406068043218
2025,ATS,2025-03-29,1.0,-119.25,0.5947172617017351,-1.0,78.28406068043218
2025,ATS,2025-03-29,1.0,-110.0,0.6563084397872838,0.9090909090909091,79.19315158952308
2025,ATS,2025-03-29,1.0,-109.0,0.5454423799292125,0.9174311926605505,80.11058278218363
2025,ATS,2025-03-30,1.0,-109.2,0.7437337531269382,-1.0,79.11058278218363
2025,ATS,2025-03-30,1.0,-110.0,0.61008155861573,0.9090909090909091,80.01967369127453
2025,ATS,2025-03-30,1.0,-110.0,0.5506332545344261,0.9090909090909091,80.92876460036544
2025,ATS,2025-03-30,1.0,-111.6,0.5341701963131917,-1.0,79.92876460036544
2025,ATS,2025-03-30,1.0,-110.0,0.71111130180376,-1.0,78.92876460036544
2025,ATS,2025-03-30,1.0,-110.0,0.690004401943034,0.9090909090909091,79.83785550945635
2025,ATS,2025-03-31,1.0,-109.33333333333333,0.6583769810162565,-1.0,78.83785550945635
2025,ATS,2025-03-31,1.0,-110.0,0.6114510954026013,0.9090909090909091,79.74694641854725
2025,ATS,2025-03-31,1.0,-110.0,0.7445939307292779,0.9090909090909091,80.65603732763816
2025,ATS,2025-04-01,1.0,-110.0,0.613697458345659,0.9090909090909091,81.56512823672907
2025,ATS,2025-04-01,1.0,-110.0,0.6573697424507516,-1.0,80.56512823672907
2025,ATS,2025-04-02,1.0,-109.2,0.6778830637178899,0.9157509157509157,81.48087915247999
2025,ATS,2025-04-02,1.0,-122.25,0.747383344208957,0.8179959100204499,82.29887506250043
2025,ATS,2025-04-03,1.0,-110.0,0.6894021923675637,0.9090909090909091,83.20796597159134
2025,ATS,2025-04-03,1.0,-113.5,0.534064033721723,-1.0,82.20796597159134
2025,ATS,2025-04-03,1.0,-116.0,0.6416931455516911,-1.0,81.20796597159134
2025,ATS,2025-04-03,1.0,-112.66666666666667,0.802932977821503,0.8875739644970414,82.09553993608837
2025,ATS,2025-04-03,1.0,-117.5,0.5780665167871206,-1.0,81.09553993608837
2025,ATS,2025-04-04,1.0,-110.0,0.5702366674235743,-1.0,80.09553993608837
2025,ATS,2025-04-04,1.0,-108.33333333333333,0.7190308129036274,-1.0,79.09553993608837
2025,ATS,2025-04-04,1.0,-112.25,0.6323767127170148,-1.0,78.09553993608837
2025,ATS,2025-04-04,1.0,-110.0,0.6443628956196984,-1.0,77.09553993608837
2025,ATS,2025-04-05,1.0,-116.0,0.5296703826836713,0.8620689655172413,77.95760890160561
2025,ATS,2025-04-05,1.0,-120.4,0.7456890812282759,-1.0,76.95760890160561
2025,ATS,2025-04-06,1.0,-110.0,0.8008597538834875,0.9090909090909091,77.86669981069652
2025,ATS,2025-04-06,1.0,-110.0,0.6601570375126435,-1.0,76.86669981069652
2025,ATS,2025-04-06,1.0,-110.0,0.5969513249959267,-1.0,75.86669981069652
2025,ATS,2025-04-06,1.0,-110.0,0.6812214289974577,-1.0,74.86669981069652
2025,ATS,2025-04-06,1.0,-109.42857142857143,0.5409550335646371,-1.0,73.86669981069652
2025,ATS,2025-04-06,1.0,-110.0,0.576686544834559,-1.0,72.86669981069652
2025,ATS,2025-04-07,1.0,-110.0,0.5448889151758045,0.9090909090909091,73.77579071978742
2025,ATS,2025-04-07,1.0,-114.4,0.5832080108654623,0.8741258741258741,74.6499165939133
2025,ATS,2025-04-08,1.0,-110.0,0.5487890047824121,-1.0,73.6499165939133
2025,ATS,2025-04-08,1.0,-109.0,0.7281713029860059,-1.0,72.6499165939133
2025,ATS,2025-04-08,1.0,-110.0,0.8503503167495942,-1.0,71.6499165939133
2025,ATS,2025-04-08,1.0,-110.0,0.6500502301922488,0.9090909090909091,72.55900750300421
2025,ATS,2025-04-08,1.0,-109.33333333333333,0.545426422621363,0.9146341463414634,73.47364164934568
2025,ATS,2025-04-08,1.0,-110.0,0.5532597736221808,-1.0,72.47364164934568
2025,ATS,2025-04-09,1.0,-116.8,0.5757089980053015,-1.0,71.47364164934568
2025,ATS,2025-04-09,1.0,-110.0,0.5492007038689609,-1.0,70.47364164934568
2025,ATS,2025-04-09,1.0,-107.5,0.5299446503227943,-1.0,69.47364164934568
2025,ATS,2025-04-09,1.0,-110.0,0.9549161000746209,-1.0,68.47364164934568
2025,ATS,2025-04-10,1.0,-110.0,0.8325768671959348,-1.0,67.47364164934568
2025,ATS,2025-04-10,1.0,-111.25,0.6191141293134562,0.898876404494382,68.37251805384007
2025,ATS,2025-04-10,1.0,-110.0,0.7220781713219919,0.9090909090909091,69.28160896293097
2025,ATS,2025-04-11,1.0,-114.6,0.6000047455248526,-1.0,68.28160896293097
2025,ATS,2025-04-11,1.0,-120.8,0.7046011898006536,-1.0,67.28160896293097
2025,ATS,2025-04-11,1.0,-110.0,0.6990096917037139,0.9090909090909091,68.19069987202188
2025,ATS,2025-04-11,1.0,-110.0,0.5457233566585048,-1.0,67.19069987202188
2025,ATS,2025-04-11,1.0,-120.75,0.5741409036379154,-1.0,66.19069987202188
2025,ATS,2025-04-13,1.0,-110.0,0.7500688539161366,0.9090909090909091,67.09979078111279
2025,ATS,2025-04-13,1.0,-110.0,0.5706350444828209,0.9090909090909091,68.0088816902037
2025,ATS,2025-04-13,1.0,-110.0,0.7819831165791242,0.9090909090909091,68.9179725992946
2023,ML,2022-10-18,1.0,-169.0,0.6743183094441589,0.591715976331361,100.59171597633136
2023,ML,2022-10-19,1.0,-277.29411764705884,0.7659247468473288,0.36062791684344503,100.9523438931748
2023,ML,2022-10-19,1.0,-159.7058823529412,0.7643454920814867,0.6261510128913443,101.57849490606614
2023,ML,2022-10-19,1.0,113.88235294117646,0.5156880776232667,-1.0,100.57849490606614
2023,ML,2022-10-20,1.0,-2.0588235294117645,0.4287518303004969,48.57142857142858,149.14992347749472
2023,ML,2022-10-21,1.0,369.6666666666667,0.5811082097534862,-1.0,148.14992347749472
2023,ML,2022-10-21,1.0,132.61111111111111,0.5334462855544599,-1.0,147.14992347749472
2023,ML,2022-10-21,1.0,235.16666666666666,0.3732047836325131,-1.0,146.14992347749472
2023,ML,2022-10-21,1.0,151.66666666666666,0.43362779245111877,-1.0,145.14992347749472
2023,ML,2022-10-21,1.0,-0.8571428571428571,0.5982811171898188,116.66666666666667,261.8165901441614
2023,ML,2022-10-28,1.0,-6.4375,0.6453834008461401,-1.0,260.8165901441614
2023,ML,2022-10-28,1.0,-158.8235294117647,0.7327499407001248,-1.0,259.8165901441614
2023,ML,2022-10-28,1.0,-163.66666666666666,0.6524839255291329,-1.0,258.8165901441614
2023,ML,2022-10-28,1.0,174.8,0.7763564382021324,-1.0,257.8165901441614
2023,ML,2022-10-29,1.0,328.85714285714283,0.5476158342511175,3.2885714285714283,261.1051615727328
2023,ML,2022-10-29,1.0,447.44444444444446,0.26474128613220727,4.474444444444445,265.57960601717724
2023,ML,2022-11-04,1.0,234.11111111111111,0.3271147267745049,-1.0,264.57960601717724
2023,ML,2022-11-04,1.0,718.2,0.3525913755874893,-1.0,263.57960601717724
2023,ML,2022-11-04,1.0,150.6,0.5214046863580151,-1.0,262.57960601717724
2023,ML,2022-11-04,1.0,-127.92857142857143,0.6480785473624333,-1.0,261.57960601717724
2023,ML,2022-11-25,1.0,654.25,0.6155873604523701,-1.0,260.57960601717724
2023,ML,2022-11-26,1.0,-150.95454545454547,0.6519098767139625,0.662451068955134,261.2420570861324
2023,ML,2022-12-25,1.0,222.23529411764707,0.3333281909791024,-1.0,260.2420570861324
2023,ML,2022-12-25,1.0,148.2,0.45939695700383054,-1.0,259.2420570861324
2023,ML,2022-12-25,1.0,125.82352941176471,0.6053093354565511,-1.0,258.2420570861324
2023,ML,2022-12-31,1.0,145.0,0.6128996811105815,1.45,259.69205708613237
2023,ML,2023-01-07,1.0,544.6666666666666,0.36911046457870894,-1.0,258.69205708613237
2023,ML,2023-01-14,1.0,-115.0,0.651547359499078,0.8695652173913043,259.5616223035237
2023,ML,2023-01-21,1.0,-130.0,0.6303904491837912,0.7692307692307693,260.33085307275445
2023,ML,2023-02-04,1.0,-113.33333333333333,0.5813486572049784,-1.0,259.33085307275445
2023,ML,2023-02-11,1.0,149.42105263157896,0.45230472545841194,-1.0,258.33085307275445
2023,ML,2023-03-04,1.0,-110.0,0.6059902901087105,-1.0,257.33085307275445
2023,ML,2023-03-11,1.0,166.0,0.5528879661724039,-1.0,256.33085307275445
2023,ML,2023-03-17,1.0,216.2,0.3440959384914074,-1.0,255.33085307275445
2023,ML,2023-03-17,1.0,-64.26666666666667,0.5281044050341395,-1.0,254.33085307275445
2023,ML,2023-03-17,1.0,681.8571428571429,0.28156336220841915,-1.0,253.33085307275445
2023,ML,2023-03-18,1.0,108.2,0.65542219881367,1.082,254.41285307275444
2023,ML,2023-03-18,1.0,214.0,0.34123429657073906,-1.0,253.41285307275444
2023,ML,2023-03-24,1.0,378.92857142857144,0.24502035404239542,-1.0,252.41285307275444
2023,ML,2023-03-24,1.0,897.0,0.19356497331448252,-1.0,251.41285307275444
2023,ML,2023-03-24,1.0,577.5714285714286,0.3950877220982284,-1.0,250.41285307275444
2023,ML,2023-03-31,1.0,875.4285714285714,0.4694310998370621,-1.0,249.41285307275444
2023,ML,2023-03-31,1.0,-6.266666666666667,0.5168717260285421,15.957446808510639,265.37029988126505
2023,ML,2023-03-31,1.0,-119.28571428571429,0.6056556997189046,-1.0,264.37029988126505
2023,ML,2023-03-31,1.0,-61.357142857142854,0.45989820071092413,1.6298020954598371,266.00010197672486
2023,ML,2023-03-31,1.0,538.0,0.26981606044327355,-1.0,265.00010197672486
2023,ML,2023-03-31,1.0,597.5,0.47019174930061886,-1.0,264.00010197672486
2023,ML,2023-04-01,1.0,-115.0,0.6186584991910313,0.8695652173913043,264.8696671941162
2023,ML,2023-04-07,1.0,330.3333333333333,0.38665296681553085,-1.0,263.8696671941162
2023,ML,2023-04-07,1.0,422.3529411764706,0.3886057990552211,4.223529411764706,268.0931966058809
2023,ML,2023-04-07,1.0,89.0,0.7054566274027592,-1.0,267.0931966058809
2023,ML,2023-04-07,1.0,171.42857142857142,0.5385272763131951,-1.0,266.0931966058809
2023,ML,2023-04-08,1.0,1069.0,0.19515081623976394,-1.0,265.0931966058809
2023,ML,2023-04-08,1.0,650.5,0.39960477213615125,-1.0,264.0931966058809
2024,ML,2023-10-24,1.0,166.0,0.5940738142311747,-1.0,99.0
2024,ML,2023-10-25,1.0,116.0909090909091,0.4942304614302622,-1.0,98.0
2024,ML,2023-10-25,1.0,113.0909090909091,0.4982062836970858,-1.0,97.0
2024,ML,2023-10-25,1.0,-112.0,0.6228720447279411,0.8928571428571429,97.89285714285714
2024,ML,2023-10-25,1.0,251.0909090909091,0.5388432251830395,-1.0,96.89285714285714
2024,ML,2023-10-26,1.0,175.0,0.43793879670006575,-1.0,95.89285714285714
2024,ML,2023-10-27,1.0,45.0,0.7356960556093638,-1.0,94.89285714285714
2024,ML,2023-10-27,1.0,305.90909090909093,0.5476958479300795,-1.0,93.89285714285714
2024,ML,2023-10-28,1.0,-145.6,0.7061722463508999,-1.0,92.89285714285714
2024,ML,2023-10-28,1.0,123.8,0.5370134558198534,-1.0,91.89285714285714
2024,ML,2023-11-03,1.0,179.16666666666666,0.5353568978764025,-1.0,90.89285714285714
2024,ML,2023-11-03,1.0,122.75,0.5122103518920189,1.2275,92.12035714285715
2024,ML,2023-11-03,1.0,203.9375,0.3979175250965661,-1.0,91.12035714285715
2024,ML,2023-11-10,1.0,290.0,0.29722149056468383,-1.0,90.12035714285715
2024,ML,2023-11-10,1.0,-250.0,0.7865468360625583,0.4,90.52035714285715
2024,ML,2023-11-14,1.0,-148.0,0.7037099386569765,0.6756756756756757,91.19603281853283
2024,ML,2023-11-14,1.0,-305.5,0.7768854835648296,0.32733224222585927,91.52336506075869
2024,ML,2023-11-14,1.0,-257.75,0.7520317169716821,-1.0,90.52336506075869
2024,ML,2023-11-17,1.0,-130.25,0.698613542944991,0.7677543186180422,91.29111937937674
2024,ML,2023-11-17,1.0,-110.25,0.5552557478229148,0.9070294784580499,92.1981488578348
2024,ML,2023-11-17,1.0,-141.0,0.6455601971669291,0.7092198581560284,92.90736871599083
2024,ML,2023-11-21,1.0,156.5,0.44272302632185134,1.565,94.47236871599083
2024,ML,2023-11-21,1.0,-165.5,0.6985866461593113,-1.0,93.47236871599083
2024,ML,2023-11-24,1.0,394.0,0.31513364924186926,-1.0,92.47236871599083
2024,ML,2023-11-24,1.0,-110.25,0.6848663507581307,0.9070294784580499,93.37939819444888
2024,ML,2023-11-24,1.0,156.5,0.48065492283844347,1.565,94.94439819444888
2024,ML,2023-11-24,1.0,-141.0,0.6494319850788347,0.7092198581560284,95.65361805260491
2024,ML,2023-12-02,1.0,183.6,0.4822337826131876,-1.0,94.65361805260491
2024,ML,2023-12-02,1.0,-241.6,0.741687929389258,0.4139072847682119,95.06752533737313
2024,ML,2023-12-25,1.0,-126.55555555555556,0.6841350620099841,0.7901668129938543,95.85769215036699
2024,ML,2023-12-30,1.0,-181.5,0.6767067859208994,-1.0,94.85769215036699
2024,ML,2024-01-15,1.0,-137.5,0.7240341836950275,-1.0,93.85769215036699
2024,ML,2024-01-15,1.0,135.5,0.506697365347619,-1.0,92.85769215036699
2024,ML,2024-01-15,1.0,-225.0,0.7318934110155818,-1.0,91.85769215036699
2024,ML,2024-01-15,1.0,250.0,0.3239071695810948,-1.0,90.85769215036699
2024,ML,2024-01-27,1.0,149.5,0.43187099327296086,-1.0,89.85769215036699
2024,ML,2024-01-27,1.0,-209.16666666666666,0.8323776590236974,0.47808764940239046,90.33577979976938
2024,ML,2024-01-27,1.0,161.0,0.42497025170719493,-1.0,89.33577979976938
2024,ML,2024-02-03,1.0,152.125,0.45207679620011276,1.52125,90.85702979976938
2024,ML,2024-02-10,1.0,842.1428571428571,0.1366918266877586,-1.0,89.85702979976938
2024,ML,2024-02-10,1.0,110.71428571428571,0.5525002615802654,1.107142857142857,90.96417265691224
2024,ML,2024-02-10,1.0,-228.57142857142858,0.7435447069250529,0.4375,91.40167265691224
2024,ML,2024-03-02,1.0,-88.23076923076923,0.5193406268464074,1.1333914559721012,92.53506411288434
2024,ML,2024-03-09,1.0,321.6,0.39515018604766794,-1.0,91.53506411288434
2024,ML,2024-03-15,1.0,835.0,0.3191091811788417,-1.0,90.53506411288434
2024,ML,2024-03-15,1.0,276.9230769230769,0.3752857001935913,-1.0,89.53506411288434
2024,ML,2024-03-15,1.0,330.8,0.4766039634802349,-1.0,88.53506411288434
2024,ML,2024-03-22,1.0,649.0,0.20512209267035564,-1.0,87.53506411288434
2024,ML,2024-03-22,1.0,1106.25,0.234410751887373,-1.0,86.53506411288434
2024,ML,2024-03-23,1.0,352.5,0.2967162211328881,-1.0,85.53506411288434
2024,ML,2024-03-23,1.0,-175.25,0.6881598352803268,-1.0,84.53506411288434
2024,ML,2024-03-23,1.0,-315.0,0.7794716236604998,0.31746031746031744,84.85252443034466
2024,ML,2024-03-29,1.0,155.3,0.6464285001245194,-1.0,83.85252443034466
2024,ML,2024-03-29,1.0,188.8,0.4946422505559851,-1.0,82.85252443034466
2024,ML,2024-03-29,1.0,-129.92307692307693,0.63325465903676,-1.0,81.85252443034466
2024,ML,2024-03-29,1.0,246.66666666666666,0.43087838491248465,-1.0,80.85252443034466
2024,ML,2024-03-29,1.0,119.8,0.537630853676777,-1.0,79.85252443034466
2024,ML,2024-03-29,1.0,585.0,0.2901347555961332,-1.0,78.85252443034466
2024,ML,2024-04-05,1.0,-393.84615384615387,0.825935964815958,0.25390625,79.10643068034466
2024,ML,2024-04-05,1.0,114.7,0.5671094773902333,-1.0,78.10643068034466
2024,ML,2024-04-05,1.0,284.0,0.4103677694668072,-1.0,77.10643068034466
2024,ML,2024-04-05,1.0,-185.8,0.7338360291523823,-1.0,76.10643068034466
2024,ML,2024-04-06,1.0,-189.5,0.7292754933468834,0.5277044854881267,76.63413516583279
2024,ML,2024-04-12,1.0,154.45454545454547,0.6400048995599472,-1.0,75.63413516583279
2024,ML,2024-04-12,1.0,-298.90909090909093,0.8353321244510851,0.33454987834549876,75.96868504417829
2024,ML,2024-04-12,1.0,139.88888888888889,0.5779104826424035,1.3988888888888888,77.36757393306718
2024,ML,2024-04-12,1.0,310.0,0.28386199745727814,-1.0,76.36757393306718
2024,ML,2024-04-12,1.0,395.0,0.3439279238009081,-1.0,75.36757393306718
2025,ML,2024-10-22,1.0,249.44444444444446,0.3454760257677645,-1.0,99.0
2025,ML,2024-10-23,1.0,-156.66666666666666,0.7467438443701642,0.6382978723404256,99.63829787234043
2025,ML,2024-10-23,1.0,153.44444444444446,0.6823864793241066,-1.0,98.63829787234043
2025,ML,2024-10-23,1.0,-120.0,0.6399145345452788,-1.0,97.63829787234043
2025,ML,2024-10-23,1.0,282.44444444444446,0.41736371975258435,-1.0,96.63829787234043
2025,ML,2024-10-24,1.0,664.4444444444445,0.17009855438565116,-1.0,95.63829787234043
2025,ML,2024-10-25,1.0,241.4,0.414374568158387,-1.0,94.63829787234043
2025,ML,2024-10-25,1.0,345.4,0.27243598454058005,-1.0,93.63829787234043
2025,ML,2024-10-25,1.0,-206.57142857142858,0.7222648593098946,-1.0,92.63829787234043
2025,ML,2024-10-25,1.0,505.0,0.3351203463697251,-1.0,91.63829787234043
2025,ML,2024-10-25,1.0,149.2,0.506269650021762,-1.0,90.63829787234043
2025,ML,2024-10-26,1.0,311.42857142857144,0.35839585974879323,-1.0,89.63829787234043
2025,ML,2024-10-26,1.0,2531.25,0.14801425837739354,-1.0,88.63829787234043
2025,ML,2024-10-26,1.0,450.0,0.3646316406175738,-1.0,87.63829787234043
2025,ML,2024-10-27,1.0,238.75,0.37914967493192486,2.3875,90.02579787234043
2025,ML,2024-10-27,1.0,1044.2857142857142,0.772961675311662,-1.0,89.02579787234043
2025,ML,2024-10-27,1.0,-304.7142857142857,0.800717745012171,0.32817627754336615,89.3539741498838
2025,ML,2024-10-28,1.0,-143.0,0.7306672133164525,-1.0,88.3539741498838
2025,ML,2024-10-28,1.0,-357.77777777777777,0.8372782762408842,0.27950310559006214,88.63347725547386
2025,ML,2024-10-28,1.0,-381.875,0.8569495600861811,0.2618657937806874,88.89534304925455
2025,ML,2024-10-28,1.0,249.28571428571428,0.42974446656978993,-1.0,87.89534304925455
2025,ML,2024-10-28,1.0,319.55555555555554,0.26270786298863086,-1.0,86.89534304925455
2025,ML,2024-10-29,1.0,154.85714285714286,0.4160286477140561,1.5485714285714287,88.44391447782598
2025,ML,2024-10-30,1.0,535.8333333333334,0.36021406924999877,-1.0,87.44391447782598
2025,ML,2024-10-30,1.0,452.14285714285717,0.5281708710089063,-1.0,86.44391447782598
2025,ML,2024-10-30,1.0,335.8333333333333,0.39942550751630473,3.358333333333333,89.80224781115932
2025,ML,2024-10-30,1.0,123.6,0.5251687491801916,-1.0,88.80224781115932
2025,ML,2024-10-30,1.0,107.3,0.7462431296870393,1.073,89.87524781115931
2025,ML,2024-10-30,1.0,-103.85714285714286,0.7858149026392822,-1.0,88.87524781115931
2025,ML,2024-11-01,1.0,605.5,0.2737769872297365,-1.0,87.87524781115931
2025,ML,2024-11-01,1.0,1007.1428571428571,0.25443308449221563,-1.0,86.87524781115931
2025,ML,2024-11-01,1.0,230.8,0.4340489564957988,-1.0,85.87524781115931
2025,ML,2024-11-01,1.0,1264.6,0.23724502906241124,-1.0,84.87524781115931
2025,ML,2024-11-01,1.0,670.0,0.3229862636281824,-1.0,83.87524781115931
2025,ML,2024-11-01,1.0,157.5,0.5021167682508367,-1.0,82.87524781115931
2025,ML,2024-11-02,1.0,318.0,0.2997473679852094,3.18,86.05524781115932
2025,ML,2024-11-02,1.0,-19.0,0.3664769027084045,5.2631578947368425,91.31840570589617
2025,ML,2024-11-02,1.0,1013.3333333333334,0.2515078114901436,-1.0,90.31840570589617
2025,ML,2024-11-03,1.0,-170.5,0.7631132948733436,-1.0,89.31840570589617
2025,ML,2024-11-09,1.0,-185.57142857142858,0.7487019791803582,-1.0,88.31840570589617
2025,ML,2024-11-10,1.0,222.14285714285714,0.48874755307812207,2.2214285714285715,90.53983427732474
2025,ML,2024-11-10,1.0,587.8571428571429,0.3088865646866985,-1.0,89.53983427732474
2025,ML,2024-11-10,1.0,-155.8,0.7565152418909447,0.6418485237483953,90.18168280107314
2025,ML,2024-11-13,1.0,320.2,0.47620900466712074,3.202,93.38368280107314
2025,ML,2024-11-16,1.0,144.5,0.5303104657346663,1.445,94.82868280107313
2025,ML,2024-11-17,1.0,236.66666666666666,0.5991482270814326,2.3666666666666667,97.19534946773979
2025,ML,2024-11-17,1.0,229.0,0.511688884601858,-1.0,96.19534946773979
2025,ML,2024-11-17,1.0,354.1666666666667,0.414498087601855,-1.0,95.19534946773979
2025,ML,2024-11-17,1.0,991.6666666666666,0.16228418749206863,-1.0,94.19534946773979
2025,ML,2024-11-17,1.0,595.8333333333334,0.5042231858324393,-1.0,93.19534946773979
2025,ML,2024-11-17,1.0,416.6666666666667,0.5794728100188158,-1.0,92.19534946773979
2025,ML,2024-11-23,1.0,250.0,0.7281375615708414,-1.0,91.19534946773979
2025,ML,2024-11-23,1.0,555.6,0.20918060665343008,5.556,96.75134946773979
2025,ML,2024-11-24,1.0,86.83333333333333,0.5575437613349778,-1.0,95.75134946773979
2025,ML,2024-11-24,1.0,299.1666666666667,0.3171534941590507,-1.0,94.75134946773979
2025,ML,2024-11-24,1.0,420.8333333333333,0.3066885228677805,-1.0,93.75134946773979
2025,ML,2024-11-29,1.0,978.5714285714286,0.21025792795970444,-1.0,92.75134946773979
2025,ML,2024-11-29,1.0,433.57142857142856,0.4019552759301768,-1.0,91.75134946773979
2025,ML,2024-12-01,1.0,275.75,0.3946375382716146,-1.0,90.75134946773979
2025,ML,2024-12-01,1.0,2428.3333333333335,0.27421256868294575,-1.0,89.75134946773979
2025,ML,2024-12-01,1.0,-133.57142857142858,0.6053334228620137,-1.0,88.75134946773979
2025,ML,2024-12-07,1.0,452.25,0.23495894070804474,-1.0,87.75134946773979
2025,ML,2024-12-08,1.0,234.0,0.4748873505316716,-1.0,86.75134946773979
2025,ML,2024-12-08,1.0,-113.66666666666667,0.5838651149067453,-1.0,85.75134946773979
2025,ML,2024-12-08,1.0,355.0,0.6914960772094472,-1.0,84.75134946773979
2025,ML,2024-12-08,1.0,-79.85714285714286,0.5192773204275734,1.2522361359570662,86.00358560369685
2025,ML,2024-12-14,1.0,346.7,0.4078917579324144,-1.0,85.00358560369685
2025,ML,2024-12-15,1.0,1707.0,0.13187078246190015,-1.0,84.00358560369685
2025,ML,2024-12-15,1.0,774.2857142857143,0.4031315536523815,-1.0,83.00358560369685
2025,ML,2024-12-15,1.0,174.28571428571428,0.5545406340131043,-1.0,82.00358560369685
2025,ML,2024-12-21,1.0,-50.142857142857146,0.6035259697172507,-1.0,81.00358560369685
2025,ML,2024-12-22,1.0,-155.57142857142858,0.6919826636969506,0.642791551882461,81.64637715557932
2025,ML,2024-12-25,1.0,-202.1,0.7433778387111937,-1.0,80.64637715557932
2025,ML,2024-12-25,1.0,-174.6,0.7500593730689217,-1.0,79.64637715557932
2025,ML,2024-12-25,1.0,314.8,0.31467673688258835,-1.0,78.64637715557932
2025,ML,2024-12-28,1.0,128.5,0.4815729852944495,-1.0,77.64637715557932
2025,ML,2024-12-31,1.0,-113.5,0.5793788889278457,-1.0,76.64637715557932
2025,ML,2024-12-31,1.0,1186.5,0.1898183965978587,-1.0,75.64637715557932
2025,ML,2025-01-04,1.0,864.2857142857143,0.45419253397189047,-1.0,74.64637715557932
2025,ML,2025-01-05,1.0,271.875,0.3085684816418989,2.71875,77.36512715557932
2025,ML,2025-01-05,1.0,467.85714285714283,0.5532067873586046,-1.0,76.36512715557932
2025,ML,2025-01-05,1.0,2050.0,0.08083905974774708,-1.0,75.36512715557932
2025,ML,2025-01-05,1.0,-127.2,0.7745165726641535,0.7861635220125786,76.15129067759189
2025,ML,2025-01-11,1.0,499.1666666666667,0.3768706527386467,-1.0,75.15129067759189
2025,ML,2025-01-12,1.0,135.2,0.5038846012242673,-1.0,74.15129067759189
2025,ML,2025-01-12,1.0,142.33333333333334,0.4508765712920838,-1.0,73.15129067759189
2025,ML,2025-01-12,1.0,344.42857142857144,0.2544490211822107,3.4442857142857144,76.5955763918776
2025,ML,2025-01-12,1.0,166.42857142857142,0.4325283172852945,-1.0,75.5955763918776
2025,ML,2025-01-12,1.0,1620.5,0.11446044098694569,-1.0,74.5955763918776
2025,ML,2025-01-12,1.0,653.5714285714286,0.16036266224013396,-1.0,73.5955763918776
2025,ML,2025-01-18,1.0,103.0,0.6524784129266822,-1.0,72.5955763918776
2025,ML,2025-01-19,1.0,117.66666666666667,0.48621639311569387,-1.0,71.5955763918776
2025,ML,2025-01-20,1.0,-153.16666666666666,0.6923557496990433,0.6528835690968444,72.24845996097444
2025,ML,2025-01-20,1.0,300.0,0.3701020828080068,-1.0,71.24845996097444
2025,ML,2025-01-20,1.0,-269.8,0.8023104792331527,0.37064492216456635,71.61910488313902
2025,ML,2025-01-20,1.0,971.25,0.5014517803415289,-1.0,70.61910488313902
2025,ML,2025-01-23,1.0,-153.0,0.7833602394360167,-1.0,69.61910488313902
2025,ML,2025-01-25,1.0,-129.33333333333334,0.6056128263163936,0.7731958762886597,70.39230075942767
2025,ML,2025-01-25,1.0,291.6666666666667,0.3446837440983917,-1.0,69.39230075942767
2025,ML,2025-01-25,1.0,592.5,0.5883489853299212,-1.0,68.39230075942767
2025,ML,2025-01-26,1.0,1122.5714285714287,0.25047692709769526,-1.0,67.39230075942767
2025,ML,2025-02-01,1.0,1300.0,0.5330050770747055,-1.0,66.39230075942767
2025,ML,2025-02-02,1.0,506.6666666666667,0.2135177756419756,-1.0,65.39230075942767
2025,ML,2025-02-02,1.0,179.0,0.460501090094024,1.79,67.18230075942768
2025,ML,2025-02-02,1.0,93.16666666666667,0.5402754883654726,-1.0,66.18230075942768
2025,ML,2025-02-08,1.0,334.4,0.40700977432579455,-1.0,65.18230075942768
2025,ML,2025-02-08,1.0,146.4,0.5008560213267507,-1.0,64.18230075942768
2025,ML,2025-02-09,1.0,353.3333333333333,0.4540906988225032,-1.0,63.182300759427676
2025,ML,2025-02-09,1.0,118.33333333333333,0.48225277083985374,-1.0,62.182300759427676
2025,ML,2025-02-13,1.0,209.54545454545453,0.3513297910880086,2.0954545454545452,64.27775530488222
2025,ML,2025-02-22,1.0,505.0,0.4748968906263803,-1.0,63.27775530488222
2025,ML,2025-02-23,1.0,-60.25,0.6028015677140642,1.6597510373443984,64.93750634222661
2025,ML,2025-02-23,1.0,256.8333333333333,0.46544403578065163,-1.0,63.93750634222661
2025,ML,2025-02-23,1.0,1438.7142857142858,0.3989213226374242,-1.0,62.93750634222661
2025,ML,2025-02-23,1.0,555.25,0.3410022546122593,-1.0,61.93750634222661
2025,ML,2025-02-23,1.0,-117.57142857142857,0.6203698233207531,0.8505467800729041,62.788053122299516
2025,ML,2025-02-23,1.0,262.0,0.41241786522927726,-1.0,61.788053122299516
2025,ML,2025-02-23,1.0,96.0,0.6382654564510705,0.96,62.74805312229952
2025,ML,2025-02-26,1.0,675.0,0.2640092529934646,-1.0,61.74805312229952
2025,ML,2025-02-28,1.0,231.0,0.5089480009893408,-1.0,60.74805312229952
2025,ML,2025-03-02,1.0,86.57142857142857,0.6061982105230246,0.8657142857142857,61.6137674080138
2025,ML,2025-03-02,1.0,900.0,0.2742200062172664,-1.0,60.6137674080138
2025,ML,2025-03-02,1.0,-136.2,0.6097361286548351,0.7342143906020558,61.347981798615855
2025,ML,2025-03-08,1.0,327.125,0.35518700175990975,3.27125,64.61923179861586
2025,ML,2025-03-09,1.0,235.0,0.5297556912126974,-1.0,63.61923179861586
2025,ML,2025-03-09,1.0,-143.14285714285714,0.6403487440300988,0.6986027944111777,64.31783459302703
2025,ML,2025-03-09,1.0,-62.44444444444444,0.43563001395823153,-1.0,63.31783459302703
2025,ML,2025-03-10,1.0,-251.0,0.7957431889469386,-1.0,62.31783459302703
2025,ML,2025-03-10,1.0,301.1111111111111,0.36473122114982837,-1.0,61.31783459302703
2025,ML,2025-03-11,1.0,1157.142857142857,0.15284961279223908,-1.0,60.31783459302703
2025,ML,2025-03-11,1.0,-226.25,0.9279848069089458,0.4419889502762431,60.75982354330327
2025,ML,2025-03-12,1.0,-281.45454545454544,0.7989989066145616,0.35529715762273906,61.115120700926006
2025,ML,2025-03-12,1.0,-8.272727272727273,0.3965086353017795,12.087912087912088,73.2030327888381
2025,ML,2025-03-12,1.0,-137.72727272727272,0.6829900623680779,0.7260726072607261,73.92910539609883
2025,ML,2025-03-13,1.0,-517.5,0.8671058445519879,-1.0,72.92910539609883
2025,ML,2025-03-13,1.0,190.125,0.4623144413725736,-1.0,71.92910539609883
2025,ML,2025-03-14,1.0,-65.14285714285714,0.5933633824512855,1.5350877192982457,73.46419311539708
2025,ML,2025-03-14,1.0,125.25,0.5869224234462038,-1.0,72.46419311539708
2025,ML,2025-03-15,1.0,-2.0,0.38944008181596157,-1.0,71.46419311539708
2025,ML,2025-03-15,1.0,453.57142857142856,0.2618532391765177,-1.0,70.46419311539708
2025,ML,2025-03-16,1.0,1767.5,0.1728192541510839,-1.0,69.46419311539708
2025,ML,2025-03-16,1.0,1467.857142857143,0.1407157408056784,-1.0,68.46419311539708
2025,ML,2025-03-16,1.0,150.5,0.5761231697040138,1.505,69.96919311539708
2025,ML,2025-03-16,1.0,384.75,0.34289664147769156,3.8475,73.81669311539707
2025,ML,2025-03-16,1.0,-500.0,0.9074182884102122,-1.0,72.81669311539707
2025,ML,2025-03-16,1.0,164.0,0.45027707183046095,1.64,74.45669311539707
2025,ML,2025-03-17,1.0,-209.63636363636363,0.7617035922904288,0.47701647875108416,74.93370959414816
2025,ML,2025-03-18,1.0,375.625,0.3800493979699524,-1.0,73.93370959414816
2025,ML,2025-03-19,1.0,803.125,0.2647486253396265,-1.0,72.93370959414816
2025,ML,2025-03-19,1.0,-177.1,0.6652094157709587,0.564652738565782,73.49836233271394
2025,ML,2025-03-19,1.0,88.125,0.600517044110283,0.88125,74.37961233271393
2025,ML,2025-03-20,1.0,-145.75,0.6397946629855917,-1.0,73.37961233271393
2025,ML,2025-03-20,1.0,-199.125,0.686725022864653,0.5021971123666039,73.88180944508053
2025,ML,2025-03-21,1.0,516.875,0.4214385054127871,-1.0,72.88180944508053
2025,ML,2025-03-22,1.0,315.0,0.26363301002583284,-1.0,71.88180944508053
2025,ML,2025-03-22,1.0,254.375,0.6218430989078598,-1.0,70.88180944508053
2025,ML,2025-03-23,1.0,350.5,0.26731814577476876,-1.0,69.88180944508053
2025,ML,2025-03-23,1.0,570.4,0.4700675287858906,-1.0,68.88180944508053
2025,ML,2025-03-23,1.0,721.5,0.25936268935006135,-1.0,67.88180944508053
2025,ML,2025-03-23,1.0,1937.2,0.4636227697906951,-1.0,66.88180944508053
2025,ML,2025-03-23,1.0,198.75,0.36882877075174636,1.9875,68.86930944508053
2025,ML,2025-03-23,1.0,2185.6,0.32349138619789697,-1.0,67.86930944508053
2025,ML,2025-03-24,1.0,210.6,0.504592921330705,-1.0,66.86930944508053
2025,ML,2025-03-24,1.0,-55.0,0.6076023574778817,1.8181818181818181,68.68749126326234
2025,ML,2025-03-24,1.0,-29.25,0.5140570655839354,-1.0,67.68749126326234
2025,ML,2025-03-25,1.0,457.5,0.3860276882436805,-1.0,66.68749126326234
2025,ML,2025-03-25,1.0,-0.875,0.3301469166495162,114.28571428571429,180.97320554897664
2025,ML,2025-03-25,1.0,975.625,0.35872991700527224,-1.0,179.97320554897664
2025,ML,2025-03-25,1.0,288.75,0.36533219643477316,-1.0,178.97320554897664
2025,ML,2025-03-26,1.0,62.0,0.649202904871917,0.62,179.59320554897664
2025,ML,2025-03-26,1.0,-92.0,0.5017667489051516,1.0869565217391304,180.68016207071577
2025,ML,2025-03-26,1.0,-61.75,0.660882009519667,-1.0,179.68016207071577
2025,ML,2025-03-26,1.0,200.625,0.6024550651566414,-1.0,178.68016207071577
2025,ML,2025-03-27,1.0,1250.0,0.26090716589562585,-1.0,177.68016207071577
2025,ML,2025-03-27,1.0,107.7,0.5589652214563664,1.077,178.75716207071576
2025,ML,2025-03-27,1.0,1047.857142857143,0.24295998768995353,-1.0,177.75716207071576
2025,ML,2025-03-28,1.0,187.14285714285714,0.5428403904536157,1.8714285714285714,179.62859064214433
2025,ML,2025-03-28,1.0,433.8888888888889,0.20840018635071472,-1.0,178.62859064214433
2025,ML,2025-03-29,1.0,293.5,0.3067847320627246,-1.0,177.62859064214433
2025,ML,2025-03-29,1.0,206.25,0.47404288312310583,2.0625,179.69109064214433
2025,ML,2025-03-30,1.0,730.0,0.44435913101106217,-1.0,178.69109064214433
2025,ML,2025-03-30,1.0,167.625,0.6262893633365756,1.67625,180.36734064214434
2025,ML,2025-03-30,1.0,227.6,0.47038238257550913,-1.0,179.36734064214434
2025,ML,2025-03-30,1.0,1602.5,0.4141045598873983,-1.0,178.36734064214434
2025,ML,2025-03-30,1.0,228.5,0.32475319294538785,-1.0,177.36734064214434
2025,ML,2025-03-31,1.0,286.25,0.5471429513532753,-1.0,176.36734064214434
2025,ML,2025-03-31,1.0,-175.125,0.7024501545361553,0.5710206995003569,176.9383613416447
2025,ML,2025-03-31,1.0,176.25,0.5283286575018412,-1.0,175.9383613416447
2025,ML,2025-03-31,1.0,982.5,0.2949043557819548,-1.0,174.9383613416447
2025,ML,2025-03-31,1.0,-220.875,0.734526521175259,0.4527447651386531,175.39110610678335
2025,ML,2025-04-01,1.0,761.3636363636364,0.16804015166953756,-1.0,174.39110610678335
2025,ML,2025-04-01,1.0,453.125,0.47033051173672513,-1.0,173.39110610678335
2025,ML,2025-04-02,1.0,284.375,0.3042310206971272,2.84375,176.23485610678335
2025,ML,2025-04-02,1.0,893.75,0.13667834145516855,-1.0,175.23485610678335
2025,ML,2025-04-02,1.0,-95.875,0.7312330128444128,1.0430247718383312,176.2778808786217
2025,ML,2025-04-03,1.0,140.625,0.7370978382243748,-1.0,175.2778808786217
2025,ML,2025-04-03,1.0,129.5,0.4838422688261214,-1.0,174.2778808786217
2025,ML,2025-04-03,1.0,677.4,0.21486908280014716,-1.0,173.2778808786217
2025,ML,2025-04-03,1.0,401.875,0.24316320273132874,-1.0,172.2778808786217
2025,ML,2025-04-03,1.0,1433.3333333333333,0.3047522841131088,-1.0,171.2778808786217
2025,ML,2025-04-04,1.0,1368.3333333333333,0.414728131471077,-1.0,170.2778808786217
2025,ML,2025-04-04,1.0,338.0,0.3336710003043619,-1.0,169.2778808786217
2025,ML,2025-04-04,1.0,900.5555555555555,0.22536408255929774,-1.0,168.2778808786217
2025,ML,2025-04-05,1.0,110.375,0.6833189557946447,-1.0,167.2778808786217
2025,ML,2025-04-05,1.0,822.5,0.15393717462536496,-1.0,166.2778808786217
2025,ML,2025-04-06,1.0,1257.625,0.319833194427916,-1.0,165.2778808786217
2025,ML,2025-04-06,1.0,1309.857142857143,0.09637269172356489,-1.0,164.2778808786217
2025,ML,2025-04-06,1.0,89.375,0.7931006059351372,-1.0,163.2778808786217
2025,ML,2025-04-06,1.0,747.5,0.3834953703414443,-1.0,162.2778808786217
2025,ML,2025-04-06,1.0,700.625,0.3757853102415917,-1.0,161.2778808786217
2025,ML,2025-04-08,1.0,-30.125,0.6275861206769306,3.319502074688797,164.59738295331047
2025,ML,2025-04-08,1.0,1276.4285714285713,0.39523993635476806,-1.0,163.59738295331047
2025,ML,2025-04-08,1.0,1042.5714285714287,0.3155191897979811,-1.0,162.59738295331047
2025,ML,2025-04-08,1.0,158.5,0.4973455140514583,-1.0,161.59738295331047
2025,ML,2025-04-09,1.0,148.6,0.45362788727676795,-1.0,160.59738295331047
2025,ML,2025-04-09,1.0,363.0,0.2515814131748597,-1.0,159.59738295331047
2025,ML,2025-04-09,1.0,139.75,0.5499293859314786,-1.0,158.59738295331047
2025,ML,2025-04-09,1.0,1475.0,0.6257495459098719,-1.0,157.59738295331047
2025,ML,2025-04-10,1.0,119.125,0.5544005250046647,1.19125,158.78863295331047
2025,ML,2025-04-10,1.0,1088.125,0.4628360670932501,-1.0,157.78863295331047
2025,ML,2025-04-10,1.0,154.0,0.48683121093533344,-1.0,156.78863295331047
2025,ML,2025-04-11,1.0,216.25,0.4142937148840265,-1.0,155.78863295331047
2025,ML,2025-04-11,1.0,171.7,0.5126145869686318,1.7169999999999999,157.50563295331048
2025,ML,2025-04-11,1.0,140.0,0.5858075105131424,-1.0,156.50563295331048
2025,ML,2025-04-13,1.0,1626.5714285714287,0.16197674112383253,-1.0,155.50563295331048
2025,ML,2025-04-13,1.0,114.375,0.49392286005893726,1.14375,156.6493829533105
2025,ML,2025-04-13,1.0,578.3333333333334,0.42155618121802263,-1.0,155.6493829533105
2023,TOTAL,2022-10-18,1.0,-110.4,0.796311728994215,0.9057971014492753,100.90579710144928
2023,TOTAL,2022-10-19,1.0,-109.06666666666666,0.5546342390922715,0.9168704156479218,101.8226675170972
2023,TOTAL,2022-10-19,1.0,-109.23529411764706,0.5520847844204597,0.9154550350026925,102.7381225520999
2023,TOTAL,2022-10-19,1.0,-109.6923076923077,0.5678857339700097,-1.0,101.7381225520999
2023,TOTAL,2022-10-19,1.0,-110.64285714285714,0.6764319531493134,-1.0,100.7381225520999
2023,TOTAL,2022-10-19,1.0,-109.64285714285714,0.5810823668718925,0.9120521172638437,101.65017466936374
2023,TOTAL,2022-10-20,1.0,-109.33333333333333,0.5386395024704174,-1.0,100.65017466936374
2023,TOTAL,2022-10-21,1.0,-110.0,0.6374255555471829,-1.0,99.65017466936374
2023,TOTAL,2022-10-21,1.0,-114.0,0.6330955458952676,-1.0,98.65017466936374
2023,TOTAL,2022-10-21,1.0,-112.4,0.7326032994763928,-1.0,97.65017466936374
2023,TOTAL,2022-10-21,1.0,-69.2,0.5506336112174682,-1.0,96.65017466936374
2023,TOTAL,2022-10-21,1.0,-114.85714285714286,0.6953018657929517,-1.0,95.65017466936374
2023,TOTAL,2022-10-21,1.0,-111.25,0.5883452635120308,0.898876404494382,96.54905107385812
2023,TOTAL,2022-10-21,1.0,-115.88888888888889,0.6205824610128248,-1.0,95.54905107385812
2023,TOTAL,2022-10-28,1.0,-114.2,0.6558903340025576,-1.0,94.54905107385812
2023,TOTAL,2022-10-28,1.0,-113.375,0.553230144634157,0.8820286659316428,95.43107973978977
2023,TOTAL,2022-10-28,1.0,-114.0,0.6864935260703254,-1.0,94.43107973978977
2023,TOTAL,2022-10-28,1.0,-117.0,0.9314322756320617,0.8547008547008547,95.28578059449062
2023,TOTAL,2022-10-29,1.0,-109.16666666666667,0.602199889919133,-1.0,94.28578059449062
2023,TOTAL,2022-10-29,1.0,-108.5,0.5540238172820016,0.9216589861751152,95.20743958066573
2023,TOTAL,2022-10-29,1.0,-109.8,0.5825794231810926,-1.0,94.20743958066573
2023,TOTAL,2022-11-04,1.0,-110.0,0.5359036638119191,0.9090909090909091,95.11653048975664
2023,TOTAL,2022-11-04,1.0,-117.0,0.8098059934738528,-1.0,94.11653048975664
2023,TOTAL,2022-11-04,1.0,-114.125,0.6793499934198348,0.8762322015334063,94.99276269129005
2023,TOTAL,2022-11-04,1.0,-110.8,0.720508023273808,-1.0,93.99276269129005
2023,TOTAL,2022-11-05,1.0,-109.78571428571429,0.6838186834809653,-1.0,92.99276269129005
2023,TOTAL,2022-11-25,1.0,-71.2,0.5679522935209989,1.4044943820224718,94.39725707331253
2023,TOTAL,2022-11-26,1.0,-109.25,0.6837012836732842,-1.0,93.39725707331253
2023,TOTAL,2022-12-10,1.0,-107.0,0.5492389732811219,0.9345794392523364,94.33183651256486
2023,TOTAL,2022-12-25,1.0,-110.92857142857143,0.6644167668016983,0.901481004507405,95.23331751707227
2023,TOTAL,2022-12-25,1.0,-111.3076923076923,0.5880353781003718,0.8984105044920525,96.13172802156431
2023,TOTAL,2022-12-25,1.0,-110.92857142857143,0.5353644112191391,0.901481004507405,97.03320902607172
2023,TOTAL,2023-01-07,1.0,-109.33333333333333,0.5797532256541855,-1.0,96.03320902607172
2023,TOTAL,2023-01-15,1.0,-108.66666666666667,0.5403503144342786,-1.0,95.03320902607172
2023,TOTAL,2023-01-21,1.0,-108.0,0.5513240040183419,-1.0,94.03320902607172
2023,TOTAL,2023-01-28,1.0,-109.33333333333333,0.5889532572595247,0.9146341463414634,94.94784317241319
2023,TOTAL,2023-02-11,1.0,-110.76470588235294,0.57029541395012,-1.0,93.94784317241319
2023,TOTAL,2023-03-04,1.0,-108.66666666666667,0.6130451550428454,-1.0,92.94784317241319
2023,TOTAL,2023-03-17,1.0,-115.0,0.5697382745591993,0.8695652173913043,93.81740838980448
2023,TOTAL,2023-03-17,1.0,-112.5,0.7742053027261935,0.8888888888888888,94.70629727869337
2023,TOTAL,2023-03-17,1.0,-116.2,0.5686563387933757,0.8605851979345955,95.56688247662797
2023,TOTAL,2023-03-18,1.0,-110.83333333333333,0.6468992468464456,-1.0,94.56688247662797
2023,TOTAL,2023-03-18,1.0,-110.0,0.6100624550770358,-1.0,93.56688247662797
2023,TOTAL,2023-03-24,1.0,-113.6,0.5394814212560542,0.8802816901408451,94.44716416676881
2023,TOTAL,2023-03-24,1.0,-113.0,0.7270642997467125,0.8849557522123894,95.3321199189812
2023,TOTAL,2023-03-24,1.0,-115.33333333333333,0.7504778582801797,-1.0,94.3321199189812
2023,TOTAL,2023-03-31,1.0,-115.88888888888889,0.8186378629725289,0.862895493767977,95.19501541274919
2023,TOTAL,2023-03-31,1.0,-117.4,0.5497004845429619,0.8517887563884157,96.0468041691376
2023,TOTAL,2023-03-31,1.0,-115.16666666666667,0.7861944994083648,0.8683068017366136,96.91511097087421
2023,TOTAL,2023-03-31,1.0,-81.85714285714286,0.6319897314836036,-1.0,95.91511097087421
2023,TOTAL,2023-03-31,1.0,-118.8,0.5390663905831072,0.8417508417508418,96.75686181262505
2023,TOTAL,2023-03-31,1.0,-114.33333333333333,0.563409325164398,0.8746355685131195,97.63149738113816
2023,TOTAL,2023-03-31,1.0,-113.16666666666667,0.5389968965662938,-1.0,96.63149738113816
2023,TOTAL,2023-04-07,1.0,-118.0,0.6486001097561804,-1.0,95.63149738113816
2023,TOTAL,2023-04-07,1.0,-113.33333333333333,0.7697187720892257,0.8823529411764707,96.51385032231462
2023,TOTAL,2023-04-07,1.0,-114.28571428571429,0.5839879106373775,0.875,97.38885032231462
2023,TOTAL,2023-04-07,1.0,-114.71428571428571,0.6726238684356395,-1.0,96.38885032231462
2023,TOTAL,2023-04-07,1.0,-117.4,0.7788231097431857,-1.0,95.38885032231462
2023,TOTAL,2023-04-07,1.0,-118.0,0.801677267085172,0.847457627118644,96.23630794943327
2024,TOTAL,2023-10-24,1.0,-109.0,0.6007797183189,-1.0,99.0
2024,TOTAL,2023-10-27,1.0,-117.4,0.6650116065077796,-1.0,98.0
2024,TOTAL,2023-10-27,1.0,-113.875,0.6064667796068234,-1.0,97.0
2024,TOTAL,2023-10-27,1.0,-112.33333333333333,0.6852086594704303,0.8902077151335311,97.89020771513353
2024,TOTAL,2023-10-27,1.0,-116.0,0.7466016216438909,-1.0,96.89020771513353
2024,TOTAL,2023-10-27,1.0,-113.75,0.5217636388533272,-1.0,95.89020771513353
2024,TOTAL,2023-10-28,1.0,-110.0,0.537892707983868,-1.0,94.89020771513353
2024,TOTAL,2023-10-28,1.0,-110.0,0.7111136781153606,-1.0,93.89020771513353
2024,TOTAL,2023-10-28,1.0,-105.66666666666667,0.5669883825751588,0.9463722397476341,94.83657995488116
2024,TOTAL,2023-11-03,1.0,-117.5,0.5518275442936806,-1.0,93.83657995488116
2024,TOTAL,2023-11-03,1.0,-116.25,0.5907115213458309,0.8602150537634409,94.6967950086446
2024,TOTAL,2023-11-04,1.0,-110.0,0.5487328881541338,0.9090909090909091,95.6058859177355
2024,TOTAL,2023-11-24,1.0,-113.33333333333333,0.8565319063679138,-1.0,94.6058859177355
2024,TOTAL,2023-12-02,1.0,-109.25,0.5749051768944391,0.9153318077803204,95.52121772551583
2024,TOTAL,2023-12-02,1.0,-110.0,0.5246684733302941,0.9090909090909091,96.43030863460673
2024,TOTAL,2023-12-23,1.0,-110.0,0.5662150407275925,-1.0,95.43030863460673
2024,TOTAL,2023-12-25,1.0,-109.4,0.6184509171901391,-1.0,94.43030863460673
2024,TOTAL,2023-12-25,1.0,-109.625,0.5524199470948481,-1.0,93.43030863460673
2024,TOTAL,2023-12-25,1.0,-109.4,0.7237023480868012,0.9140767824497257,94.34438541705646
2024,TOTAL,2024-01-20,1.0,-110.0,0.5869130811320876,-1.0,93.34438541705646
2024,TOTAL,2024-01-27,1.0,-112.66666666666667,0.6374507196000794,-1.0,92.34438541705646
2024,TOTAL,2024-01-27,1.0,-109.0,0.5212072955715547,-1.0,91.34438541705646
2024,TOTAL,2024-01-27,1.0,-110.0,0.767507073067948,0.9090909090909091,92.25347632614736
2024,TOTAL,2024-01-27,1.0,-110.0,0.5642034058965445,0.9090909090909091,93.16256723523827
2024,TOTAL,2024-02-03,1.0,-109.0,0.577915029233017,-1.0,92.16256723523827
2024,TOTAL,2024-02-10,1.0,-109.0,0.7365619245781492,-1.0,91.16256723523827
2024,TOTAL,2024-02-10,1.0,-110.0,0.5630928807178062,0.9090909090909091,92.07165814432918
2024,TOTAL,2024-02-10,1.0,-109.42857142857143,0.6325009400862189,0.9138381201044387,92.98549626443362
2024,TOTAL,2024-03-02,1.0,-110.0,0.6143767357351921,0.9090909090909091,93.89458717352453
2024,TOTAL,2024-03-02,1.0,-108.83333333333333,0.6455060547842252,-1.0,92.89458717352453
2024,TOTAL,2024-03-02,1.0,-110.0,0.5896791188377916,-1.0,91.89458717352453
2024,TOTAL,2024-03-09,1.0,-110.0,0.552700746350244,-1.0,90.89458717352453
2024,TOTAL,2024-03-15,1.0,-119.0,0.6960256302717719,-1.0,89.89458717352453
2024,TOTAL,2024-03-22,1.0,-116.0,0.7443329140599274,0.8620689655172413,90.75665613904177
2024,TOTAL,2024-03-22,1.0,-111.66666666666667,0.669478615919833,0.8955223880597014,91.65217852710147
2024,TOTAL,2024-03-23,1.0,-109.4,0.712062313600981,-1.0,90.65217852710147
2024,TOTAL,2024-03-23,1.0,-109.25,0.6218162212782583,0.9153318077803204,91.56751033488179
2024,TOTAL,2024-03-29,1.0,-114.28571428571429,0.7005786616769709,0.875,92.44251033488179
2024,TOTAL,2024-03-29,1.0,-115.0,0.7079168543652749,-1.0,91.44251033488179
2024,TOTAL,2024-03-29,1.0,-117.5,0.6163906589786905,0.851063829787234,92.29357416466902
2024,TOTAL,2024-03-29,1.0,-113.75,0.7508693276583414,0.8791208791208791,93.1726950437899
2024,TOTAL,2024-03-29,1.0,-112.5,0.7357276836953489,-1.0,92.1726950437899
2024,TOTAL,2024-03-29,1.0,-110.0,0.6619075648994643,-1.0,91.1726950437899
2024,TOTAL,2024-04-05,1.0,-116.5,0.68514891518341,-1.0,90.1726950437899
2024,TOTAL,2024-04-05,1.0,-111.66666666666667,0.6194822950270269,0.8955223880597014,91.0682174318496
2024,TOTAL,2024-04-05,1.0,-115.8,0.8165707864922807,0.8635578583765112,91.93177529022611
2024,TOTAL,2024-04-05,1.0,-115.66666666666667,0.602673356951253,-1.0,90.93177529022611
2024,TOTAL,2024-04-06,1.0,-110.0,0.5670267699641054,0.9090909090909091,91.84086619931702
2024,TOTAL,2024-04-12,1.0,-114.75,0.8347072238727538,-1.0,90.84086619931702
2024,TOTAL,2024-04-12,1.0,-116.2,0.875215497797868,0.8605851979345955,91.70145139725162
2024,TOTAL,2024-04-12,1.0,-116.66666666666667,0.5789923402882233,-1.0,90.70145139725162
2024,TOTAL,2024-04-12,1.0,-108.5,0.5670969017511721,0.9216589861751152,91.62311038342673
2024,TOTAL,2024-04-12,1.0,-115.5,0.6524181076864183,-1.0,90.62311038342673
2025,TOTAL,2024-10-22,1.0,-110.25,0.6376283169837821,0.9070294784580499,100.90702947845806
2025,TOTAL,2024-10-23,1.0,-109.625,0.5386075152356337,0.9122006841505131,101.81923016260858
2025,TOTAL,2024-10-23,1.0,-110.5,0.7808826509491669,0.9049773755656109,102.72420753817418
2025,TOTAL,2024-10-23,1.0,-110.55555555555556,0.5496474555792733,0.9045226130653267,103.62873015123951
2025,TOTAL,2024-10-23,1.0,-111.0,0.6024090476416282,0.9009009009009009,104.52963105214042
2025,TOTAL,2024-10-24,1.0,-109.11111111111111,0.5672501464029471,0.9164969450101833,105.4461279971506
2025,TOTAL,2024-10-24,1.0,-109.85714285714286,0.5427995443407632,0.9102730819245773,106.35640107907517
2025,TOTAL,2024-10-25,1.0,-113.4,0.5503980689681007,-1.0,105.35640107907517
2025,TOTAL,2024-10-25,1.0,-109.42857142857143,0.5713883888994753,0.9138381201044387,106.27023919917961
2025,TOTAL,2024-10-25,1.0,-111.0,0.6883973824306402,0.9009009009009009,107.17114010008052
2025,TOTAL,2024-10-25,1.0,-116.0,0.641916985037943,0.8620689655172413,108.03320906559776
2025,TOTAL,2024-10-25,1.0,-113.25,0.5835691151821002,-1.0,107.03320906559776
2025,TOTAL,2024-10-26,1.0,-109.4,0.5660062855922262,-1.0,106.03320906559776
2025,TOTAL,2024-10-26,1.0,-116.66666666666667,0.6777790991077068,0.8571428571428571,106.89035192274062
2025,TOTAL,2024-10-26,1.0,-113.75,0.7481936514571313,0.8791208791208791,107.7694728018615
2025,TOTAL,2024-10-26,1.0,-111.0,0.890255818002699,0.9009009009009009,108.6703737027624
2025,TOTAL,2024-10-27,1.0,-109.5,0.5373776371505854,-1.0,107.6703737027624
2025,TOTAL,2024-10-27,1.0,-109.0,0.7549127211823323,0.9174311926605505,108.58780489542295
2025,TOTAL,2024-10-27,1.0,-109.5,0.5687238046568688,0.91324200913242,109.50104690455537
2025,TOTAL,2024-10-27,1.0,-109.57142857142857,0.7441429620383847,0.9126466753585398,110.41369357991391
2025,TOTAL,2024-10-28,1.0,-116.0,0.6330292726738227,0.8620689655172413,111.27576254543115
2025,TOTAL,2024-10-28,1.0,-110.4,0.6350168490937176,-1.0,110.27576254543115
2025,TOTAL,2024-10-28,1.0,-112.6,0.5425796888838272,0.8880994671403197,111.16386201257147
2025,TOTAL,2024-10-28,1.0,-110.0,0.646603799680762,0.9090909090909091,112.07295292166238
2025,TOTAL,2024-10-28,1.0,-110.0,0.5524329089107294,0.9090909090909091,112.98204383075328
2025,TOTAL,2024-10-29,1.0,-109.625,0.5328256466524934,0.9122006841505131,113.8942445149038
2025,TOTAL,2024-10-29,1.0,-109.57142857142857,0.6535687383718839,-1.0,112.8942445149038
2025,TOTAL,2024-10-30,1.0,-74.5,0.5440809526778824,-1.0,111.8942445149038
2025,TOTAL,2024-10-30,1.0,-109.4,0.576474993135424,-1.0,110.8942445149038
2025,TOTAL,2024-10-30,1.0,-110.0,0.5256900373057176,0.9090909090909091,111.80333542399471
2025,TOTAL,2024-10-30,1.0,-109.14285714285714,0.6568424124245915,-1.0,110.80333542399471
2025,TOTAL,2024-10-30,1.0,-109.625,0.642982987918857,0.9122006841505131,111.71553610814523
2025,TOTAL,2024-11-01,1.0,-109.625,0.5310375303602249,0.9122006841505131,112.62773679229575
2025,TOTAL,2024-11-01,1.0,-108.88888888888889,0.6787205661138744,-1.0,111.62773679229575
2025,TOTAL,2024-11-01,1.0,-110.0,0.5755969607331322,0.9090909090909091,112.53682770138666
2025,TOTAL,2024-11-01,1.0,-110.0,0.6454243274224463,0.9090909090909091,113.44591861047756
2025,TOTAL,2024-11-01,1.0,-111.66666666666667,0.6578318685049944,0.8955223880597014,114.34144099853727
2025,TOTAL,2024-11-02,1.0,-114.5,0.5763255413739207,-1.0,113.34144099853727
2025,TOTAL,2024-11-02,1.0,-59.5,0.8375115900098782,1.680672268907563,115.02211326744482
2025,TOTAL,2024-11-02,1.0,-109.5,0.5227205257365864,0.91324200913242,115.93535527657724
2025,TOTAL,2024-11-03,1.0,-110.0,0.5981677648170202,-1.0,114.93535527657724
2025,TOTAL,2024-11-10,1.0,-109.6,0.6594844547199967,0.9124087591240876,115.84776403570133
2025,TOTAL,2024-11-10,1.0,-111.25,0.5280528324893281,-1.0,114.84776403570133
2025,TOTAL,2024-11-13,1.0,-109.0,0.527044050088524,-1.0,113.84776403570133
2025,TOTAL,2024-11-17,1.0,-110.0,0.5378992036806104,-1.0,112.84776403570133
2025,TOTAL,2024-11-17,1.0,-120.0,0.7033924775170408,0.8333333333333334,113.68109736903466
2025,TOTAL,2024-11-17,1.0,-115.0,0.8268201203881325,-1.0,112.68109736903466
2025,TOTAL,2024-11-17,1.0,-110.0,0.5729175143767362,0.9090909090909091,113.59018827812557
2025,TOTAL,2024-11-17,1.0,-117.5,0.5581616847258246,-1.0,112.59018827812557
2025,TOTAL,2024-11-17,1.0,-110.0,0.5352908641775866,-1.0,111.59018827812557
2025,TOTAL,2024-11-23,1.0,-109.66666666666667,0.5249034932205306,-1.0,110.59018827812557
2025,TOTAL,2024-11-23,1.0,-109.0,0.5717518825423421,0.9174311926605505,111.50761947078611
2025,TOTAL,2024-11-24,1.0,-109.0,0.5787558656712404,-1.0,110.50761947078611
2025,TOTAL,2024-11-24,1.0,-111.0,0.6704282019848893,0.9009009009009009,111.40852037168702
2025,TOTAL,2024-11-24,1.0,-109.0,0.5712775074187403,0.9174311926605505,112.32595156434756
2025,TOTAL,2024-11-29,1.0,-111.0,0.6386452637210978,-1.0,111.32595156434756
2025,TOTAL,2024-11-29,1.0,-109.4,0.7569495427752302,0.9140767824497257,112.24002834679729
2025,TOTAL,2024-11-30,1.0,-113.33333333333333,0.7219067322240014,-1.0,111.24002834679729
2025,TOTAL,2024-12-01,1.0,-115.5,0.771546190264599,-1.0,110.24002834679729
2025,TOTAL,2024-12-01,1.0,-110.0,0.7852409450625418,-1.0,109.24002834679729
2025,TOTAL,2024-12-01,1.0,-109.25,0.7409164497690691,-1.0,108.24002834679729
2025,TOTAL,2024-12-01,1.0,-116.66666666666667,0.7239495679264046,0.8571428571428571,109.09717120394015
2025,TOTAL,2024-12-01,1.0,-109.57142857142857,0.5864225398597067,-1.0,108.09717120394015
2025,TOTAL,2024-12-07,1.0,-110.0,0.5305868409256248,0.9090909090909091,109.00626211303106
2025,TOTAL,2024-12-08,1.0,-109.0,0.5498665001002414,0.9174311926605505,109.9236933056916
2025,TOTAL,2024-12-08,1.0,-110.0,0.5588534271667276,0.9090909090909091,110.8327842147825
2025,TOTAL,2024-12-08,1.0,-109.0,0.5744191920771892,0.9174311926605505,111.75021540744305
2025,TOTAL,2024-12-08,1.0,-112.5,0.7305025406382298,-1.0,110.75021540744305
2025,TOTAL,2024-12-08,1.0,-109.4,0.5429620704948218,-1.0,109.75021540744305
2025,TOTAL,2024-12-08,1.0,-108.5,0.5810572907831091,0.9216589861751152,110.67187439361817
2025,TOTAL,2024-12-14,1.0,-110.5,0.5637325887304937,-1.0,109.67187439361817
2025,TOTAL,2024-12-15,1.0,-109.83333333333333,0.6952589325836923,-1.0,108.67187439361817
2025,TOTAL,2024-12-21,1.0,-111.66666666666667,0.575461435421741,0.8955223880597014,109.56739678167787
2025,TOTAL,2024-12-22,1.0,-110.0,0.5719077247751486,-1.0,108.56739678167787
2025,TOTAL,2024-12-22,1.0,-108.5,0.6586784765927653,0.9216589861751152,109.48905576785299
2025,TOTAL,2024-12-25,1.0,-109.0,0.5377502346933849,-1.0,108.48905576785299
2025,TOTAL,2024-12-25,1.0,-109.44444444444444,0.5329930824982554,-1.0,107.48905576785299
2025,TOTAL,2024-12-28,1.0,-110.0,0.5223936343294318,-1.0,106.48905576785299
2025,TOTAL,2024-12-28,1.0,-113.5,0.5307433462683937,-1.0,105.48905576785299
2025,TOTAL,2024-12-29,1.0,-113.0,0.6307975934290473,-1.0,104.48905576785299
2025,TOTAL,2024-12-29,1.0,-114.33333333333333,0.6104213190137041,-1.0,103.48905576785299
2025,TOTAL,2024-12-31,1.0,-110.0,0.6231033916521345,-1.0,102.48905576785299
2025,TOTAL,2025-01-04,1.0,-112.5,0.7012468878669891,0.8888888888888888,103.37794465674187
2025,TOTAL,2025-01-05,1.0,-115.0,0.8112896161257024,-1.0,102.37794465674187
2025,TOTAL,2025-01-05,1.0,-109.25,0.5911580108203577,0.9153318077803204,103.2932764645222
2025,TOTAL,2025-01-05,1.0,-113.33333333333333,0.5212382777302768,-1.0,102.2932764645222
2025,TOTAL,2025-01-05,1.0,-110.0,0.5479566475897475,0.9090909090909091,103.2023673736131
2025,TOTAL,2025-01-12,1.0,-108.5,0.571597662756049,-1.0,102.2023673736131
2025,TOTAL,2025-01-12,1.0,-112.0,0.8452831573614155,0.8928571428571429,103.09522451647024
2025,TOTAL,2025-01-12,1.0,-110.0,0.6012819284777988,-1.0,102.09522451647024
2025,TOTAL,2025-01-12,1.0,-109.0,0.6580939353585689,0.9174311926605505,103.01265570913078
2025,TOTAL,2025-01-12,1.0,-111.5,0.6460998556054166,-1.0,102.01265570913078
2025,TOTAL,2025-01-12,1.0,-111.0,0.5723692340543336,0.9009009009009009,102.91355661003169
2025,TOTAL,2025-01-12,1.0,-109.25,0.5848222165327859,-1.0,101.91355661003169
2025,TOTAL,2025-01-18,1.0,-108.5,0.560776123435993,-1.0,100.91355661003169
2025,TOTAL,2025-01-19,1.0,-111.66666666666667,0.5490673287119061,0.8955223880597014,101.8090789980914
2025,TOTAL,2025-01-19,1.0,-110.0,0.5445420003036676,0.9090909090909091,102.7181699071823
2025,TOTAL,2025-01-20,1.0,-107.75,0.6030705434964441,-1.0,101.7181699071823
2025,TOTAL,2025-01-20,1.0,-110.66666666666667,0.5654362142408998,0.9036144578313252,102.62178436501362
2025,TOTAL,2025-01-20,1.0,-110.0,0.6544629460313041,0.9090909090909091,103.53087527410453
2025,TOTAL,2025-01-20,1.0,-109.0,0.5889399823798116,0.9174311926605505,104.44830646676508
2025,TOTAL,2025-01-20,1.0,-113.75,0.6158762211182933,-1.0,103.44830646676508
2025,TOTAL,2025-01-25,1.0,-119.0,0.8097230364562238,0.8403361344537815,104.28864260121885
2025,TOTAL,2025-01-25,1.0,-111.25,0.5567296216775326,0.898876404494382,105.18751900571324
2025,TOTAL,2025-01-25,1.0,-108.5,0.6069606932013005,0.9216589861751152,106.10917799188836
2025,TOTAL,2025-01-26,1.0,-108.33333333333333,0.6176366335522181,-1.0,105.10917799188836
2025,TOTAL,2025-02-01,1.0,-121.0,0.8187825785364322,0.8264462809917356,105.93562427288009
2025,TOTAL,2025-02-01,1.0,-113.75,0.930969342096758,-1.0,104.93562427288009
2025,TOTAL,2025-02-02,1.0,-108.5,0.6681334416941143,-1.0,103.93562427288009
2025,TOTAL,2025-02-02,1.0,-110.0,0.5697096047418171,-1.0,102.93562427288009
2025,TOTAL,2025-02-02,1.0,-110.0,0.7585364117664254,0.9090909090909091,103.844715181971
2025,TOTAL,2025-02-08,1.0,-110.0,0.5282824137634148,-1.0,102.844715181971
2025,TOTAL,2025-02-08,1.0,-110.0,0.6336975430672008,-1.0,101.844715181971
2025,TOTAL,2025-02-09,1.0,-110.0,0.5782617755087684,-1.0,100.844715181971
2025,TOTAL,2025-02-09,1.0,-110.0,0.5322913158474203,0.9090909090909091,101.7538060910619
2025,TOTAL,2025-02-09,1.0,-112.0,0.5654706207625613,0.8928571428571429,102.64666323391904
2025,TOTAL,2025-02-12,1.0,-111.42857142857143,0.6024536703787783,-1.0,101.64666323391904
2025,TOTAL,2025-02-13,1.0,-108.4,0.6329432449625239,-1.0,100.64666323391904
2025,TOTAL,2025-02-22,1.0,-125.25,0.7394223007418255,0.7984031936127745,101.44506642753181
2025,TOTAL,2025-02-23,1.0,-111.0,0.6078164925614792,-1.0,100.44506642753181
2025,TOTAL,2025-02-23,1.0,-109.6,0.5661611938493876,0.9124087591240876,101.3574751866559
2025,TOTAL,2025-02-23,1.0,-114.33333333333333,0.735953816090994,-1.0,100.3574751866559
2025,TOTAL,2025-02-23,1.0,-114.5,0.7171391073987796,-1.0,99.3574751866559
2025,TOTAL,2025-02-23,1.0,-110.0,0.5488528589471102,0.9090909090909091,100.26656609574681
2025,TOTAL,2025-02-23,1.0,-113.33333333333333,0.6841992242562306,-1.0,99.26656609574681
2025,TOTAL,2025-02-23,1.0,-108.5,0.6135750599017027,0.9216589861751152,100.18822508192193
2025,TOTAL,2025-02-26,1.0,-110.0,0.5627782694879099,0.9090909090909091,101.09731599101283
2025,TOTAL,2025-02-28,1.0,-108.57142857142857,0.5979940945856465,0.9210526315789473,102.01836862259178
2025,TOTAL,2025-03-01,1.0,-117.66666666666667,0.5594757783755335,0.8498583569405099,102.8682269795323
2025,TOTAL,2025-03-02,1.0,-115.4,0.7564142310770762,0.8665511265164644,103.73477810604876
2025,TOTAL,2025-03-02,1.0,-118.33333333333333,0.885063469132945,0.8450704225352113,104.57984852858398
2025,TOTAL,2025-03-02,1.0,-110.0,0.5259815757280005,-1.0,103.57984852858398
2025,TOTAL,2025-03-02,1.0,-110.0,0.7099152636239645,0.9090909090909091,104.48893943767489
2025,TOTAL,2025-03-08,1.0,-110.0,0.6795984837399536,-1.0,103.48893943767489
2025,TOTAL,2025-03-09,1.0,-108.33333333333333,0.6322404237307994,0.9230769230769231,104.4120163607518
2025,TOTAL,2025-03-09,1.0,-117.66666666666667,0.7012822808282776,0.8498583569405099,105.26187471769232
2025,TOTAL,2025-03-09,1.0,-113.66666666666667,0.6528188700040193,-1.0,104.26187471769232
2025,TOTAL,2025-03-10,1.0,-107.4,0.5343827530615042,-1.0,103.26187471769232
2025,TOTAL,2025-03-10,1.0,-112.33333333333333,0.6204962998061174,0.8902077151335311,104.15208243282585
2025,TOTAL,2025-03-10,1.0,-108.33333333333333,0.5963377534902186,0.9230769230769231,105.07515935590277
2025,TOTAL,2025-03-10,1.0,-110.0,0.6092529238507629,0.9090909090909091,105.98425026499368
2025,TOTAL,2025-03-10,1.0,-113.75,0.5278020344936752,-1.0,104.98425026499368
2025,TOTAL,2025-03-11,1.0,-118.33333333333333,0.6680359882990081,0.8450704225352113,105.82932068752889
2025,TOTAL,2025-03-11,1.0,-116.5,0.5809001644413867,-1.0,104.82932068752889
2025,TOTAL,2025-03-11,1.0,-119.0,0.6601404400763092,0.8403361344537815,105.66965682198267
2025,TOTAL,2025-03-12,1.0,-111.5,0.5666381271314409,-1.0,104.66965682198267
2025,TOTAL,2025-03-12,1.0,-112.5,0.7386728377228123,0.8888888888888888,105.55854571087156
2025,TOTAL,2025-03-13,1.0,-119.25,0.80768918370302,-1.0,104.55854571087156
2025,TOTAL,2025-03-13,1.0,-112.0,0.5294114138052044,0.8928571428571429,105.4514028537287
2025,TOTAL,2025-03-14,1.0,-110.0,0.6452776078191249,-1.0,104.4514028537287
2025,TOTAL,2025-03-14,1.0,-115.75,0.7394809871860502,-1.0,103.4514028537287
2025,TOTAL,2025-03-14,1.0,-111.33333333333333,0.5732751295075446,0.8982035928143713,104.34960644654306
2025,TOTAL,2025-03-15,1.0,-112.5,0.5733422453720581,-1.0,103.34960644654306
2025,TOTAL,2025-03-15,1.0,-122.5,0.5409713771840264,-1.0,102.34960644654306
2025,TOTAL,2025-03-16,1.0,-115.28571428571429,0.5377796774936686,0.8674101610904584,103.21701660763352
2025,TOTAL,2025-03-16,1.0,-116.5,0.7883478849688712,-1.0,102.21701660763352
2025,TOTAL,2025-03-16,1.0,-110.0,0.5866889495112899,-1.0,101.21701660763352
2025,TOTAL,2025-03-16,1.0,-110.0,0.5584994384981266,-1.0,100.21701660763352
2025,TOTAL,2025-03-16,1.0,-109.0,0.6318531784818409,0.9174311926605505,101.13444780029407
2025,TOTAL,2025-03-16,1.0,-110.75,0.6039940059544094,-1.0,100.13444780029407
2025,TOTAL,2025-03-17,1.0,-109.4,0.5422907671484036,-1.0,99.13444780029407
2025,TOTAL,2025-03-18,1.0,-114.25,0.6830782418347447,0.87527352297593,100.00972132327
2025,TOTAL,2025-03-18,1.0,-113.75,0.708281158637239,-1.0,99.00972132327
2025,TOTAL,2025-03-19,1.0,-116.0,0.625069278082069,0.8620689655172413,99.87179028878724
2025,TOTAL,2025-03-19,1.0,-109.4,0.567692821733391,0.9140767824497257,100.78586707123696
2025,TOTAL,2025-03-19,1.0,-112.16666666666667,0.6993384715412382,0.8915304606240713,101.67739753186103
2025,TOTAL,2025-03-20,1.0,-117.0,0.8246846942240171,0.8547008547008547,102.53209838656188
2025,TOTAL,2025-03-20,1.0,-117.75,0.9058301550862611,0.8492569002123143,103.3813552867742
2025,TOTAL,2025-03-21,1.0,-109.4,0.6162929602945564,0.9140767824497257,104.29543206922392
2025,TOTAL,2025-03-22,1.0,-110.0,0.6183183174000382,-1.0,103.29543206922392
2025,TOTAL,2025-03-22,1.0,-110.0,0.5867719789824103,-1.0,102.29543206922392
2025,TOTAL,2025-03-23,1.0,-110.0,0.6523453528368184,0.9090909090909091,103.20452297831483
2025,TOTAL,2025-03-23,1.0,-115.75,0.7178077115519627,-1.0,102.20452297831483
2025,TOTAL,2025-03-23,1.0,-110.0,0.6675502874785738,-1.0,101.20452297831483
2025,TOTAL,2025-03-23,1.0,-112.0,0.7798582963305104,-1.0,100.20452297831483
2025,TOTAL,2025-03-23,1.0,-115.75,0.6986284003765665,0.8639308855291576,101.06845386384398
2025,TOTAL,2025-03-23,1.0,-118.33333333333333,0.9706915480790134,0.8450704225352113,101.9135242863792
2025,TOTAL,2025-03-24,1.0,-108.0,0.6086183822168478,0.9259259259259259,102.83945021230512
2025,TOTAL,2025-03-24,1.0,-113.33333333333333,0.7327408177004439,0.8823529411764707,103.72180315348159
2025,TOTAL,2025-03-24,1.0,-116.0,0.578209236157249,0.8620689655172413,104.58387211899883
2025,TOTAL,2025-03-24,1.0,-113.8,0.7531257239005933,0.8787346221441125,105.46260674114293
2025,TOTAL,2025-03-25,1.0,-111.66666666666667,0.6969169106028978,-1.0,104.46260674114293
2025,TOTAL,2025-03-25,1.0,-116.0,0.7983228864494386,-1.0,103.46260674114293
2025,TOTAL,2025-03-25,1.0,-117.0,0.6552362274613039,-1.0,102.46260674114293
2025,TOTAL,2025-03-25,1.0,-112.66666666666667,0.7515481199164145,0.8875739644970414,103.35018070563997
2025,TOTAL,2025-03-26,1.0,-113.0,0.6504143499977348,0.8849557522123894,104.23513645785236
2025,TOTAL,2025-03-26,1.0,-110.0,0.6031079885711349,-1.0,103.23513645785236
2025,TOTAL,2025-03-26,1.0,-115.75,0.5510933529868365,-1.0,102.23513645785236
2025,TOTAL,2025-03-26,1.0,-113.33333333333333,0.572282024364026,-1.0,101.23513645785236
2025,TOTAL,2025-03-27,1.0,-110.0,0.7697125139667034,-1.0,100.23513645785236
2025,TOTAL,2025-03-27,1.0,-112.5,0.5475867500267684,-1.0,99.23513645785236
2025,TOTAL,2025-03-27,1.0,-116.25,0.9553634521256302,-1.0,98.23513645785236
2025,TOTAL,2025-03-28,1.0,-114.0,0.6624996418976854,-1.0,97.23513645785236
2025,TOTAL,2025-03-28,1.0,-114.0,0.5666096954143479,0.8771929824561403,98.1123294403085
2025,TOTAL,2025-03-29,1.0,-112.33333333333333,0.5849886548026476,-1.0,97.1123294403085
2025,TOTAL,2025-03-29,1.0,-110.4,0.5421082842101657,-1.0,96.1123294403085
2025,TOTAL,2025-03-30,1.0,-109.25,0.6941037909451993,-1.0,95.1123294403085
2025,TOTAL,2025-03-30,1.0,-109.0,0.5237503295138053,-1.0,94.1123294403085
2025,TOTAL,2025-03-30,1.0,-112.5,0.8292040213396656,-1.0,93.1123294403085
2025,TOTAL,2025-03-30,1.0,-108.5,0.5866746608190239,-1.0,92.1123294403085
2025,TOTAL,2025-03-30,1.0,-116.25,0.7714090898933696,-1.0,91.1123294403085
2025,TOTAL,2025-03-30,1.0,-110.0,0.5469544496762863,-1.0,90.1123294403085
2025,TOTAL,2025-03-30,1.0,-112.5,0.7717014656899797,0.8888888888888888,91.00121832919739
2025,TOTAL,2025-03-31,1.0,-114.75,0.6004398530252937,0.8714596949891068,91.8726780241865
2025,TOTAL,2025-03-31,1.0,-110.0,0.6762757984470678,-1.0,90.8726780241865
2025,TOTAL,2025-03-31,1.0,-111.25,0.5711689775510401,-1.0,89.8726780241865
2025,TOTAL,2025-03-31,1.0,-110.0,0.5620443641001024,0.9090909090909091,90.7817689332774
2025,TOTAL,2025-03-31,1.0,-116.0,0.5981319186640484,0.8620689655172413,91.64383789879464
2025,TOTAL,2025-04-01,1.0,-105.66666666666667,0.5996902297771409,-1.0,90.64383789879464
2025,TOTAL,2025-04-01,1.0,-107.83333333333333,0.6344075339624344,-1.0,89.64383789879464
2025,TOTAL,2025-04-01,1.0,-109.4,0.6604783264836845,0.9140767824497257,90.55791468124437
2025,TOTAL,2025-04-02,1.0,-109.57142857142857,0.6604440754265102,0.9126466753585398,91.47056135660291
2025,TOTAL,2025-04-02,1.0,-110.0,0.5485257649049236,0.9090909090909091,92.37965226569382
2025,TOTAL,2025-04-02,1.0,-115.0,0.6481997708306781,0.8695652173913043,93.24921748308512
2025,TOTAL,2025-04-02,1.0,-111.5,0.7233637518001803,0.8968609865470852,94.1460784696322
2025,TOTAL,2025-04-03,1.0,-116.33333333333333,0.662593081113427,-1.0,93.1460784696322
2025,TOTAL,2025-04-03,1.0,-113.33333333333333,0.6365707033018618,-1.0,92.1460784696322
2025,TOTAL,2025-04-03,1.0,-107.4,0.7013962007180464,-1.0,91.1460784696322
2025,TOTAL,2025-04-03,1.0,-110.0,0.546489777146944,0.9090909090909091,92.05516937872311
2025,TOTAL,2025-04-03,1.0,-110.0,0.5546252877713467,0.9090909090909091,92.96426028781401
2025,TOTAL,2025-04-04,1.0,-110.0,0.6466222657162569,-1.0,91.96426028781401
2025,TOTAL,2025-04-04,1.0,-109.25,0.528272959468592,0.9153318077803204,92.87959209559433
2025,TOTAL,2025-04-04,1.0,-109.0,0.5285550520423926,-1.0,91.87959209559433
2025,TOTAL,2025-04-04,1.0,-109.0,0.5406017184444807,-1.0,90.87959209559433
2025,TOTAL,2025-04-05,1.0,-115.6,0.6985720488625247,-1.0,89.87959209559433
2025,TOTAL,2025-04-05,1.0,-110.0,0.698098645720906,0.9090909090909091,90.78868300468524
2025,TOTAL,2025-04-05,1.0,-108.0,0.6348041995690701,-1.0,89.78868300468524
2025,TOTAL,2025-04-06,1.0,-109.33333333333333,0.5625961160934421,0.9146341463414634,90.70331715102671
2025,TOTAL,2025-04-06,1.0,-110.0,0.6374418781422297,0.9090909090909091,91.61240806011762
2025,TOTAL,2025-04-06,1.0,-110.0,0.5562218674885036,-1.0,90.61240806011762
2025,TOTAL,2025-04-06,1.0,-109.75,0.722523922275891,-1.0,89.61240806011762
2025,TOTAL,2025-04-06,1.0,-110.0,0.5596024047878746,0.9090909090909091,90.52149896920852
2025,TOTAL,2025-04-06,1.0,-109.33333333333333,0.614683497390321,0.9146341463414634,91.43613311554999
2025,TOTAL,2025-04-06,1.0,-108.75,0.6582930673341152,0.9195402298850575,92.35567334543505
2025,TOTAL,2025-04-07,1.0,-115.66666666666667,0.8998748112112712,0.8645533141210374,93.22022665955609
2025,TOTAL,2025-04-07,1.0,-114.75,0.5604093470756697,0.8714596949891068,94.0916863545452
2025,TOTAL,2025-04-08,1.0,-112.4,0.5897346769731953,0.889679715302491,94.9813660698477
2025,TOTAL,2025-04-08,1.0,-116.0,0.5379676410907318,0.8620689655172413,95.84343503536493
2025,TOTAL,2025-04-08,1.0,-110.0,0.5775396707667373,-1.0,94.84343503536493
2025,TOTAL,2025-04-08,1.0,-110.0,0.55355576969382,0.9090909090909091,95.75252594445584
2025,TOTAL,2025-04-08,1.0,-110.33333333333333,0.5487309020052509,-1.0,94.75252594445584
2025,TOTAL,2025-04-08,1.0,-109.42857142857143,0.7590513040549165,0.9138381201044387,95.66636406456028
2025,TOTAL,2025-04-09,1.0,-111.66666666666667,0.7091372067149326,0.8955223880597014,96.56188645261999
2025,TOTAL,2025-04-09,1.0,-117.5,0.5930328241708733,0.851063829787234,97.41295028240722
2025,TOTAL,2025-04-09,1.0,-118.5,0.8651268745173215,-1.0,96.41295028240722
2025,TOTAL,2025-04-10,1.0,-115.0,0.5345013726489619,-1.0,95.41295028240722
2025,TOTAL,2025-04-10,1.0,-115.0,0.6551098197127357,0.8695652173913043,96.28251549979852
2025,TOTAL,2025-04-10,1.0,-116.5,0.5244342186726417,-1.0,95.28251549979852
2025,TOTAL,2025-04-11,1.0,-118.33333333333333,0.595092367851878,-1.0,94.28251549979852
2025,TOTAL,2025-04-11,1.0,-119.0,0.5698171668915963,0.8403361344537815,95.1228516342523
2025,TOTAL,2025-04-11,1.0,-118.66666666666667,0.6185092385953657,0.8426966292134831,95.96554826346578
2025,TOTAL,2025-04-11,1.0,-116.66666666666667,0.73157648657774,0.8571428571428571,96.82269112060864
2025,TOTAL,2025-04-11,1.0,-116.5,0.8577579602215002,0.8583690987124464,97.68106021932108
2025,TOTAL,2025-04-13,1.0,-108.85714285714286,0.5772522622415865,0.9186351706036745,98.59969538992476
2025,TOTAL,2025-04-13,1.0,-110.33333333333333,0.5988130690997454,0.9063444108761329,99.50603980080089
