date,snapshot_ts,player_id,player_name,team,stat,side,line,price,implied_prob,model_prob,model_prob_raw,edge,ev,bookmaker,bookmaker_title,commence_time,home_team,away_team,sentiment_strength,sentiment_w,sentiment_applied
2026-05-13,2026-05-14T02:32:07.071536+00:00,5107199,Daniss Jenkins,DET,ast,OVER,1.5,230,0.30303030303030304,0.36840062805475204,0.7388324698599633,0.065370325024449,0.21572207258068166,draftkings,DraftKings,2026-05-14T00:14:16Z,Detroit Pistons,Cleveland Cavaliers,,,False
2026-05-13,2026-05-14T02:32:07.071536+00:00,3992,James Harden,CLE,ast,OVER,4.5,182,0.3546099290780142,0.4196158479458161,0.7879827215300267,0.06500591886780188,0.1833166912072014,williamhill_us,Caesars,2026-05-14T00:14:16Z,Detroit Pistons,Cleveland Cavaliers,,,False
2026-05-13,2026-05-14T02:32:07.071536+00:00,4066328,Jarrett Allen,CLE,ast,OVER,1.5,360,0.21739130434782608,0.2557848180973266,0.4733480626778295,0.038393513749500535,0.1766101632477024,draftkings,DraftKings,2026-05-14T00:14:16Z,Detroit Pistons,Cleveland Cavaliers,,,False
2026-05-13,2026-05-14T02:32:07.071536+00:00,6440,Tobias Harris,DET,ast,OVER,2.5,420,0.19230769230769232,0.21633016291224505,0.3524574963380438,0.02402247060455273,0.12491684714367435,draftkings,DraftKings,2026-05-14T00:14:16Z,Detroit Pistons,Cleveland Cavaliers,,,False
2026-05-13,2026-05-14T02:32:07.071536+00:00,3992,James Harden,CLE,ast,OVER,3.5,-175,0.6363636363636364,0.6736323601099489,0.8848217946723862,0.037268723746312515,0.0585651373156339,draftkings,DraftKings,2026-05-14T00:14:16Z,Detroit Pistons,Cleveland Cavaliers,,,False
2026-05-13,2026-05-14T02:32:07.071536+00:00,4432158,Evan Mobley,CLE,ast,UNDER,7.5,-180,0.6428571428571429,0.6799422875570035,0.8900914408562137,0.03708514469986057,0.05768800286644987,draftkings,DraftKings,2026-05-14T00:14:16Z,Detroit Pistons,Cleveland Cavaliers,,,False
2026-05-13,2026-05-14T02:32:07.071536+00:00,3992,James Harden,CLE,ast,OVER,3.5,-180,0.6428571428571429,0.6791518406294293,0.8848217946723862,0.036294697772286444,0.056458418756890116,fanduel,FanDuel,2026-05-14T00:14:16Z,Detroit Pistons,Cleveland Cavaliers,,,False
2026-05-13,2026-05-14T02:32:07.071536+00:00,4432158,Evan Mobley,CLE,ast,UNDER,7.5,-188,0.6527777777777778,0.6883748272395431,0.8900914408562137,0.03559704946176534,0.05453165023930012,fanduel,FanDuel,2026-05-14T00:14:16Z,Detroit Pistons,Cleveland Cavaliers,,,False
2026-05-13,2026-05-14T02:32:07.071536+00:00,3908809,Donovan Mitchell,CLE,ast,OVER,2.5,162,0.3816793893129771,0.40017840981397795,0.5050061926529827,0.01849902050100083,0.0484674337126223,fanduel,FanDuel,2026-05-14T00:14:16Z,Detroit Pistons,Cleveland Cavaliers,,,False
2026-05-13,2026-05-14T02:32:07.071536+00:00,4684742,Ausar Thompson,DET,ast,UNDER,5.5,-210,0.6774193548387096,0.7012571143091102,0.8363377513080464,0.023837759470400566,0.035189073503924584,fanduel,FanDuel,2026-05-14T00:14:16Z,Detroit Pistons,Cleveland Cavaliers,,,False
2026-05-13,2026-05-14T02:32:07.071536+00:00,3908809,Donovan Mitchell,CLE,ast,OVER,2.5,124,0.44642857142857145,0.45521521461223313,0.5050061926529827,0.00878664318366168,0.019682080731402207,draftkings,DraftKings,2026-05-14T00:14:16Z,Detroit Pistons,Cleveland Cavaliers,,,False
2026-05-13,2026-05-14T02:32:07.071536+00:00,4432166,Cade Cunningham,DET,ast,OVER,8.5,150,0.4,0.4024086574630233,0.4160577164201551,0.002408657463023267,0.0060216436575581955,bovada,Bovada,2026-05-14T00:14:16Z,Detroit Pistons,Cleveland Cavaliers,,,False
2026-05-13,2026-05-14T02:32:07.071536+00:00,4432166,Cade Cunningham,DET,ast,OVER,7.5,-128,0.5614035087719298,0.5633778625010862,0.5745658669663063,0.0019743537291564417,0.003516817580059839,fanduel,FanDuel,2026-05-14T00:14:16Z,Detroit Pistons,Cleveland Cavaliers,,,False
2026-05-13,2026-05-14T02:32:07.071536+00:00,4432166,Cade Cunningham,DET,ast,OVER,8.5,144,0.4098360655737705,0.4107693132007282,0.4160577164201551,0.0009332476269576784,0.0022771242097767708,williamhill_us,Caesars,2026-05-14T00:14:16Z,Detroit Pistons,Cleveland Cavaliers,,,False
2026-05-13,2026-05-14T02:32:07.071536+00:00,3908809,Donovan Mitchell,CLE,ast,OVER,2.5,100,0.5,0.5007509288979474,0.5050061926529827,0.0007509288979473672,0.0015018577958947343,fanatics,Fanatics,2026-05-14T00:14:16Z,Detroit Pistons,Cleveland Cavaliers,,,False
2026-05-13,2026-05-14T02:32:07.071536+00:00,6440,Tobias Harris,DET,dd,YES,,6500,0.015151515151515152,0.1928092797013717,0.1928092797013717,0.17765776454985654,11.725412460290533,draftkings,DraftKings,2026-05-14T00:14:16Z,Detroit Pistons,Cleveland Cavaliers,,,False
2026-05-13,2026-05-14T02:32:07.071536+00:00,3992,James Harden,CLE,dd,YES,,9000,0.01098901098901099,0.09834730329800549,0.09834730329800549,0.0873582923089945,7.9496046001185,draftkings,DraftKings,2026-05-14T00:14:16Z,Detroit Pistons,Cleveland Cavaliers,,,False
2026-05-13,2026-05-14T02:32:07.071536+00:00,4433621,Jalen Duren,DET,dd,YES,,3500,0.027777777777777776,0.10998652820561622,0.10998652820561622,0.08220875042783844,2.959515015402184,draftkings,DraftKings,2026-05-14T00:14:16Z,Detroit Pistons,Cleveland Cavaliers,,,False
2026-05-13,2026-05-14T02:32:07.071536+00:00,4432166,Cade Cunningham,DET,dd,YES,,1200,0.07692307692307693,0.25153425000865764,0.25153425000865764,0.17461117308558072,2.269945250112549,draftkings,DraftKings,2026-05-14T00:14:16Z,Detroit Pistons,Cleveland Cavaliers,,,False
2026-05-13,2026-05-14T02:32:07.071536+00:00,4432158,Evan Mobley,CLE,dd,YES,,1700,0.05555555555555555,0.15270625495232626,0.15270625495232626,0.0971506993967707,1.7487125891418724,draftkings,DraftKings,2026-05-14T00:14:16Z,Detroit Pistons,Cleveland Cavaliers,,,False
2026-05-13,2026-05-14T02:32:07.071536+00:00,4432158,Evan Mobley,CLE,dd,YES,,1500,0.0625,0.15270625495232626,0.15270625495232626,0.09020625495232626,1.4433000792372201,fanduel,FanDuel,2026-05-14T00:14:16Z,Detroit Pistons,Cleveland Cavaliers,,,False
2026-05-13,2026-05-14T02:32:07.071536+00:00,4432166,Cade Cunningham,DET,dd,YES,,650,0.13333333333333333,0.25153425000865764,0.25153425000865764,0.11820091667532431,0.8865068750649323,fanduel,FanDuel,2026-05-14T00:14:16Z,Detroit Pistons,Cleveland Cavaliers,,,False
2026-05-13,2026-05-14T02:32:07.071536+00:00,4432158,Evan Mobley,CLE,dd,YES,,900,0.1,0.15270625495232626,0.15270625495232626,0.052706254952326254,0.5270625495232625,fanatics,Fanatics,2026-05-14T00:14:16Z,Detroit Pistons,Cleveland Cavaliers,,,False
2026-05-13,2026-05-14T02:32:07.071536+00:00,4432158,Evan Mobley,CLE,dd,YES,,900,0.1,0.15270625495232626,0.15270625495232626,0.052706254952326254,0.5270625495232625,williamhill_us,Caesars,2026-05-14T00:14:16Z,Detroit Pistons,Cleveland Cavaliers,,,False
2026-05-13,2026-05-14T02:32:07.071536+00:00,4432166,Cade Cunningham,DET,dd,YES,,500,0.16666666666666666,0.25153425000865764,0.25153425000865764,0.08486758334199099,0.509205500051946,williamhill_us,Caesars,2026-05-14T00:14:16Z,Detroit Pistons,Cleveland Cavaliers,,,False
2026-05-13,2026-05-14T02:32:07.071536+00:00,4433621,Jalen Duren,DET,dd,YES,,1100,0.08333333333333333,0.10998652820561622,0.10998652820561622,0.02665319487228289,0.3198383384673946,fanatics,Fanatics,2026-05-14T00:14:16Z,Detroit Pistons,Cleveland Cavaliers,,,False
2026-05-13,2026-05-14T02:32:07.071536+00:00,4432166,Cade Cunningham,DET,pa,UNDER,48.5,102,0.49504950495049505,0.5968720841632146,0.9578794104628566,0.10182257921271953,0.20568161000969343,fanduel,FanDuel,2026-05-14T00:14:16Z,Detroit Pistons,Cleveland Cavaliers,,,False
2026-05-13,2026-05-14T02:32:07.071536+00:00,4432166,Cade Cunningham,DET,pa,UNDER,49.5,-105,0.5121951219512195,0.6124864271264716,0.968064690929638,0.10029130517525209,0.19580683391358744,draftkings,DraftKings,2026-05-14T00:14:16Z,Detroit Pistons,Cleveland Cavaliers,,,False
2026-05-13,2026-05-14T02:32:07.071536+00:00,6440,Tobias Harris,DET,pa,OVER,14.5,114,0.4672897196261682,0.5473096934254924,0.8310168732594597,0.08001997379932418,0.17124274393055372,draftkings,DraftKings,2026-05-14T00:14:16Z,Detroit Pistons,Cleveland Cavaliers,,,False
2026-05-13,2026-05-14T02:32:07.071536+00:00,3908809,Donovan Mitchell,CLE,pa,OVER,18.5,-114,0.5327102803738317,0.622725949283124,0.9418724117797055,0.09001566890929225,0.16897678198761867,fanduel,FanDuel,2026-05-14T00:14:16Z,Detroit Pistons,Cleveland Cavaliers,,,False
2026-05-13,2026-05-14T02:32:07.071536+00:00,3908809,Donovan Mitchell,CLE,pa,OVER,18.5,-130,0.5652173913043478,0.6480814958089265,0.9418724117797055,0.0828641045045787,0.1466057233542546,draftkings,DraftKings,2026-05-14T00:14:16Z,Detroit Pistons,Cleveland Cavaliers,,,False
2026-05-13,2026-05-14T02:32:07.071536+00:00,3992,James Harden,CLE,pa,UNDER,30.5,120,0.45454545454545453,0.5134877040235004,0.722464770354754,0.05894224947804588,0.1296729488517009,fanduel,FanDuel,2026-05-14T00:14:16Z,Detroit Pistons,Cleveland Cavaliers,,,False
2026-05-13,2026-05-14T02:32:07.071536+00:00,5107199,Daniss Jenkins,DET,pa,UNDER,16.5,-130,0.5652173913043478,0.610176307381845,0.769576100747517,0.044958916077497246,0.07954269767557198,draftkings,DraftKings,2026-05-14T00:14:16Z,Detroit Pistons,Cleveland Cavaliers,,,False
2026-05-13,2026-05-14T02:32:07.071536+00:00,3992,James Harden,CLE,pa,UNDER,31.5,-135,0.574468085106383,0.6159915796965387,0.7632112423343633,0.041523494590155696,0.07228163873101184,draftkings,DraftKings,2026-05-14T00:14:16Z,Detroit Pistons,Cleveland Cavaliers,,,False
2026-05-13,2026-05-14T02:32:07.071536+00:00,4066328,Jarrett Allen,CLE,pa,UNDER,16.5,114,0.4672897196261682,0.4944368829038642,0.5906859163429683,0.027147163277696007,0.058094929414269414,draftkings,DraftKings,2026-05-14T00:14:16Z,Detroit Pistons,Cleveland Cavaliers,,,False
2026-05-13,2026-05-14T02:32:07.071536+00:00,4432158,Evan Mobley,CLE,pa,OVER,19.5,136,0.423728813559322,0.4362744462192192,0.48075441655885465,0.012545632659897166,0.029607693077357333,fanduel,FanDuel,2026-05-14T00:14:16Z,Detroit Pistons,Cleveland Cavaliers,,,False
2026-05-13,2026-05-14T02:32:07.071536+00:00,4432166,Cade Cunningham,DET,pr,UNDER,46.5,-110,0.5238095238095238,0.6209442527380751,0.9653310189393021,0.09713472892855124,0.18543902795450695,draftkings,DraftKings,2026-05-14T00:14:16Z,Detroit Pistons,Cleveland Cavaliers,,,False
2026-05-13,2026-05-14T02:32:07.071536+00:00,4432166,Cade Cunningham,DET,pr,UNDER,45.5,-108,0.5192307692307693,0.6150376316246234,0.9547165073846517,0.09580686239385416,0.18451692016594146,fanduel,FanDuel,2026-05-14T00:14:16Z,Detroit Pistons,Cleveland Cavaliers,,,False
2026-05-13,2026-05-14T02:32:07.071536+00:00,3908809,Donovan Mitchell,CLE,pr,OVER,19.5,-132,0.5689655172413793,0.6557789454338416,0.9635720090252986,0.0868134281924623,0.15258117682311562,fanduel,FanDuel,2026-05-14T00:14:16Z,Detroit Pistons,Cleveland Cavaliers,,,False
2026-05-13,2026-05-14T02:32:07.071536+00:00,3908809,Donovan Mitchell,CLE,pr,OVER,19.5,-135,0.574468085106383,0.6600709483685445,0.9635720090252986,0.08560286326216149,0.1490123916045034,draftkings,DraftKings,2026-05-14T00:14:16Z,Detroit Pistons,Cleveland Cavaliers,,,False
2026-05-13,2026-05-14T02:32:07.071536+00:00,3992,James Harden,CLE,pr,UNDER,31.5,100,0.5,0.5735438888138823,0.8342904036994649,0.0735438888138823,0.1470877776277646,draftkings,DraftKings,2026-05-14T00:14:16Z,Detroit Pistons,Cleveland Cavaliers,,,False
2026-05-13,2026-05-14T02:32:07.071536+00:00,3992,James Harden,CLE,pr,UNDER,31.5,100,0.5,0.5735438888138823,0.8342904036994649,0.0735438888138823,0.1470877776277646,fanduel,FanDuel,2026-05-14T00:14:16Z,Detroit Pistons,Cleveland Cavaliers,,,False
2026-05-13,2026-05-14T02:32:07.071536+00:00,6440,Tobias Harris,DET,pr,OVER,16.5,-154,0.6062992125984252,0.6762855532388297,0.9244189427820819,0.06998634064040443,0.11543201638092682,draftkings,DraftKings,2026-05-14T00:14:16Z,Detroit Pistons,Cleveland Cavaliers,,,False
2026-05-13,2026-05-14T02:32:07.071536+00:00,4432158,Evan Mobley,CLE,pr,OVER,18.5,110,0.47619047619047616,0.5192684945551034,0.6719996505751455,0.04307801836462721,0.09046383856571716,draftkings,DraftKings,2026-05-14T00:14:16Z,Detroit Pistons,Cleveland Cavaliers,,,False
2026-05-13,2026-05-14T02:32:07.071536+00:00,5107199,Daniss Jenkins,DET,pr,UNDER,16.5,-135,0.574468085106383,0.6174866431178352,0.7700069851584382,0.04301855801145216,0.07488415653845382,draftkings,DraftKings,2026-05-14T00:14:16Z,Detroit Pistons,Cleveland Cavaliers,,,False
2026-05-13,2026-05-14T02:32:07.071536+00:00,4432158,Evan Mobley,CLE,pr,OVER,17.5,-118,0.5412844036697247,0.5795904591218277,0.7154028375429199,0.03830605545210297,0.0707688143098173,fanduel,FanDuel,2026-05-14T00:14:16Z,Detroit Pistons,Cleveland Cavaliers,,,False
2026-05-13,2026-05-14T02:32:07.071536+00:00,4066328,Jarrett Allen,CLE,pr,UNDER,23.5,-105,0.5121951219512195,0.5413924990591018,0.6449104724415935,0.029197377107882283,0.057004402924913045,draftkings,DraftKings,2026-05-14T00:14:16Z,Detroit Pistons,Cleveland Cavaliers,,,False
2026-05-13,2026-05-14T02:32:07.071536+00:00,3908809,Donovan Mitchell,CLE,pra,OVER,22.5,108,0.4807692307692308,0.5596413570125194,0.9122363257858248,0.0788721262432886,0.1640540225860404,fanduel,FanDuel,2026-05-14T00:14:16Z,Detroit Pistons,Cleveland Cavaliers,,,False
2026-05-13,2026-05-14T02:32:07.071536+00:00,6440,Tobias Harris,DET,pra,OVER,19.5,110,0.47619047619047616,0.543426201839911,0.8365850989491511,0.06723572564943481,0.1411950238638131,draftkings,DraftKings,2026-05-14T00:14:16Z,Detroit Pistons,Cleveland Cavaliers,,,False
2026-05-13,2026-05-14T02:32:07.071536+00:00,4432166,Cade Cunningham,DET,pra,UNDER,54.5,-115,0.5348837209302325,0.5965682657411238,0.9222505550655582,0.06168454481089125,0.1153232794290574,draftkings,DraftKings,2026-05-14T00:14:16Z,Detroit Pistons,Cleveland Cavaliers,,,False
2026-05-13,2026-05-14T02:32:07.071536+00:00,3908809,Donovan Mitchell,CLE,pra,OVER,22.5,-115,0.5348837209302325,0.5948157756171705,0.9122363257858248,0.05993205468693796,0.11204688484949266,draftkings,DraftKings,2026-05-14T00:14:16Z,Detroit Pistons,Cleveland Cavaliers,,,False
2026-05-13,2026-05-14T02:32:07.071536+00:00,4432166,Cade Cunningham,DET,pra,UNDER,53.5,-128,0.5614035087719298,0.6111736555823526,0.907207856460561,0.0497701468104228,0.08865307400606554,fanduel,FanDuel,2026-05-14T00:14:16Z,Detroit Pistons,Cleveland Cavaliers,,,False
2026-05-13,2026-05-14T02:32:07.071536+00:00,3992,James Harden,CLE,pra,UNDER,35.5,100,0.5,0.5345254304095597,0.6972881737689125,0.03452543040955969,0.06905086081911938,draftkings,DraftKings,2026-05-14T00:14:16Z,Detroit Pistons,Cleveland Cavaliers,,,False
2026-05-13,2026-05-14T02:32:07.071536+00:00,4432158,Evan Mobley,CLE,pra,OVER,25.5,124,0.44642857142857145,0.47211909868780255,0.5396601557670349,0.0256905272592311,0.057546781060677676,fanduel,FanDuel,2026-05-14T00:14:16Z,Detroit Pistons,Cleveland Cavaliers,,,False
2026-05-13,2026-05-14T02:32:07.071536+00:00,4066328,Jarrett Allen,CLE,pra,UNDER,24.5,110,0.47619047619047616,0.502329442348003,0.6017464732811058,0.026138966157526866,0.05489182893080646,draftkings,DraftKings,2026-05-14T00:14:16Z,Detroit Pistons,Cleveland Cavaliers,,,False
2026-05-13,2026-05-14T02:32:07.071536+00:00,3992,James Harden,CLE,pra,UNDER,35.5,-110,0.5238095238095238,0.5500016208857502,0.6972881737689125,0.026192097076226384,0.05000309441825035,fanduel,FanDuel,2026-05-14T00:14:16Z,Detroit Pistons,Cleveland Cavaliers,,,False
2026-05-13,2026-05-14T02:32:07.071536+00:00,5107199,Daniss Jenkins,DET,pra,UNDER,17.5,-105,0.5121951219512195,0.5334296798821839,0.6457305749365216,0.021234557930964404,0.0414579464366448,draftkings,DraftKings,2026-05-14T00:14:16Z,Detroit Pistons,Cleveland Cavaliers,,,False
2026-05-13,2026-05-14T02:32:07.071536+00:00,6440,Tobias Harris,DET,pts,OVER,12.5,148,0.4032258064516129,0.6485937110475626,0.8302082467723613,0.2453679045959497,0.6085124033979552,fanduel,FanDuel,2026-05-14T00:14:16Z,Detroit Pistons,Cleveland Cavaliers,,,False
2026-05-13,2026-05-14T02:32:07.071536+00:00,6440,Tobias Harris,DET,pts,OVER,12.5,140,0.4166666666666667,0.6485937110475626,0.8302082467723613,0.2319270443808959,0.5566249065141501,draftkings,DraftKings,2026-05-14T00:14:16Z,Detroit Pistons,Cleveland Cavaliers,,,False
2026-05-13,2026-05-14T02:32:07.071536+00:00,6440,Tobias Harris,DET,pts,OVER,12.5,140,0.4166666666666667,0.6485937110475626,0.8302082467723613,0.2319270443808959,0.5566249065141501,bovada,Bovada,2026-05-14T00:14:16Z,Detroit Pistons,Cleveland Cavaliers,,,False
2026-05-13,2026-05-14T02:32:07.071536+00:00,3908809,Donovan Mitchell,CLE,pts,OVER,16.5,114,0.4672897196261682,0.6896596278550304,0.9214658396778455,0.2223699082288622,0.4758716036097651,fanduel,FanDuel,2026-05-14T00:14:16Z,Detroit Pistons,Cleveland Cavaliers,,,False
2026-05-13,2026-05-14T02:32:07.071536+00:00,4432166,Cade Cunningham,DET,pts,UNDER,41.5,-105,0.5121951219512195,0.7066001771322645,0.9591115047383656,0.194405055181045,0.3795527267820402,draftkings,DraftKings,2026-05-14T00:14:16Z,Detroit Pistons,Cleveland Cavaliers,,,False
2026-05-13,2026-05-14T02:32:07.071536+00:00,3908809,Donovan Mitchell,CLE,pts,OVER,16.5,100,0.5,0.6896596278550304,0.9214658396778455,0.18965962785503043,0.37931925571006087,draftkings,DraftKings,2026-05-14T00:14:16Z,Detroit Pistons,Cleveland Cavaliers,,,False
2026-05-13,2026-05-14T02:32:07.071536+00:00,4684742,Ausar Thompson,DET,pts,OVER,6.5,158,0.3875968992248062,0.5205185369125517,0.5455967486945592,0.13292163768774545,0.3429378252343833,fanduel,FanDuel,2026-05-14T00:14:16Z,Detroit Pistons,Cleveland Cavaliers,,,False
2026-05-13,2026-05-14T02:32:07.071536+00:00,4684742,Ausar Thompson,DET,pts,OVER,4.5,135,0.425531914893617,0.5620192482861653,0.637820551747034,0.13648733339254832,0.3207452334724886,bovada,Bovada,2026-05-14T00:14:16Z,Detroit Pistons,Cleveland Cavaliers,,,False
2026-05-13,2026-05-14T02:32:07.071536+00:00,4065778,Max Strus,CLE,pts,UNDER,18.5,-105,0.5121951219512195,0.6706625235764254,0.8792500523920566,0.1584674016252059,0.30938873650635434,bovada,Bovada,2026-05-14T00:14:16Z,Detroit Pistons,Cleveland Cavaliers,,,False
2026-05-13,2026-05-14T02:32:07.071536+00:00,4432166,Cade Cunningham,DET,pts,UNDER,42.5,-120,0.5454545454545454,0.7108353095015238,0.9685229100033863,0.16538076404697843,0.3031980674194604,williamhill_us,Caesars,2026-05-14T00:14:16Z,Detroit Pistons,Cleveland Cavaliers,,,False
2026-05-13,2026-05-14T02:32:07.071536+00:00,3908809,Donovan Mitchell,CLE,pts,OVER,16.5,-115,0.5348837209302325,0.6896596278550304,0.9214658396778455,0.15477590692479792,0.28936365207679604,bovada,Bovada,2026-05-14T00:14:16Z,Detroit Pistons,Cleveland Cavaliers,,,False
2026-05-13,2026-05-14T02:32:07.071536+00:00,4432166,Cade Cunningham,DET,pts,UNDER,42.5,-125,0.5555555555555556,0.7108353095015238,0.9685229100033863,0.15527975394596827,0.279503557102743,bovada,Bovada,2026-05-14T00:14:16Z,Detroit Pistons,Cleveland Cavaliers,,,False
2026-05-13,2026-05-14T02:32:07.071536+00:00,3908809,Donovan Mitchell,CLE,pts,OVER,16.5,-118,0.5412844036697247,0.6896596278550304,0.9214658396778455,0.1483752241853057,0.27411693959658157,williamhill_us,Caesars,2026-05-14T00:14:16Z,Detroit Pistons,Cleveland Cavaliers,,,False
2026-05-13,2026-05-14T02:32:07.071536+00:00,5107199,Daniss Jenkins,DET,pts,UNDER,15.5,-105,0.5121951219512195,0.6473346535329896,0.8274103411844212,0.13513953158177006,0.26384384737393196,bovada,Bovada,2026-05-14T00:14:16Z,Detroit Pistons,Cleveland Cavaliers,,,False
2026-05-13,2026-05-14T02:32:07.071536+00:00,4065778,Max Strus,CLE,pts,UNDER,17.5,-114,0.5327102803738317,0.6591405822515786,0.8536457383368412,0.12643030187774684,0.23733407545471763,fanduel,FanDuel,2026-05-14T00:14:16Z,Detroit Pistons,Cleveland Cavaliers,,,False
2026-05-13,2026-05-14T02:32:07.071536+00:00,4065778,Max Strus,CLE,pts,UNDER,17.5,-115,0.5348837209302325,0.6591405822515786,0.8536457383368412,0.12425686132134606,0.23230630594860335,draftkings,DraftKings,2026-05-14T00:14:16Z,Detroit Pistons,Cleveland Cavaliers,,,False
2026-05-13,2026-05-14T02:32:07.071536+00:00,5107199,Daniss Jenkins,DET,pts,UNDER,14.5,-118,0.5412844036697247,0.6328828960411192,0.7952953245358204,0.0915984923713945,0.1692243333641016,fanduel,FanDuel,2026-05-14T00:14:16Z,Detroit Pistons,Cleveland Cavaliers,,,False
2026-05-13,2026-05-14T02:32:07.071536+00:00,4432166,Cade Cunningham,DET,pts,UNDER,41.5,-166,0.6240601503759399,0.7066001771322645,0.9591115047383656,0.08254002675632466,0.13226293444085768,fanduel,FanDuel,2026-05-14T00:14:16Z,Detroit Pistons,Cleveland Cavaliers,,,False
2026-05-13,2026-05-14T02:32:07.071536+00:00,4066328,Jarrett Allen,CLE,pts,UNDER,15.5,105,0.4878048780487805,0.545364101039281,0.6008091134206244,0.057559222990500536,0.11799640713052606,draftkings,DraftKings,2026-05-14T00:14:16Z,Detroit Pistons,Cleveland Cavaliers,,,False
2026-05-13,2026-05-14T02:32:07.071536+00:00,3992,James Harden,CLE,pts,UNDER,27.5,-140,0.5833333333333334,0.6505080217061011,0.8344622704580025,0.06717468837276774,0.11515660863903049,draftkings,DraftKings,2026-05-14T00:14:16Z,Detroit Pistons,Cleveland Cavaliers,,,False
2026-05-13,2026-05-14T02:32:07.071536+00:00,5107199,Daniss Jenkins,DET,pts,UNDER,14.5,-135,0.574468085106383,0.6328828960411192,0.7952953245358204,0.05841481093473622,0.10168504125676309,draftkings,DraftKings,2026-05-14T00:14:16Z,Detroit Pistons,Cleveland Cavaliers,,,False
2026-05-13,2026-05-14T02:32:07.071536+00:00,3992,James Harden,CLE,pts,UNDER,27.5,-150,0.6,0.6505080217061011,0.8344622704580025,0.050508021706101136,0.08418003617683517,bovada,Bovada,2026-05-14T00:14:16Z,Detroit Pistons,Cleveland Cavaliers,,,False
2026-05-13,2026-05-14T02:32:07.071536+00:00,4432158,Evan Mobley,CLE,pts,UNDER,11.5,140,0.4166666666666667,0.4335069025804154,0.352237561289812,0.016840235913748725,0.04041656619299705,draftkings,DraftKings,2026-05-14T00:14:16Z,Detroit Pistons,Cleveland Cavaliers,,,False
2026-05-13,2026-05-14T02:32:07.071536+00:00,3992,James Harden,CLE,pts,UNDER,27.5,-168,0.6268656716417911,0.6505080217061011,0.8344622704580025,0.023642350064310036,0.03771517748354225,fanduel,FanDuel,2026-05-14T00:14:16Z,Detroit Pistons,Cleveland Cavaliers,,,False
2026-05-13,2026-05-14T02:32:07.071536+00:00,4066328,Jarrett Allen,CLE,pts,UNDER,15.5,-115,0.5348837209302325,0.545364101039281,0.6008091134206244,0.010480380109048504,0.019593754116916662,bovada,Bovada,2026-05-14T00:14:16Z,Detroit Pistons,Cleveland Cavaliers,,,False
2026-05-13,2026-05-14T02:32:07.071536+00:00,4432158,Evan Mobley,CLE,pts,UNDER,11.5,135,0.425531914893617,0.4335069025804154,0.352237561289812,0.007974987686798385,0.018741221063976354,bovada,Bovada,2026-05-14T00:14:16Z,Detroit Pistons,Cleveland Cavaliers,,,False
2026-05-13,2026-05-14T02:32:07.071536+00:00,3908809,Donovan Mitchell,CLE,ra,OVER,6.5,165,0.37735849056603776,0.44003356883596745,0.6622452099748092,0.06267507826992968,0.1660889574153137,draftkings,DraftKings,2026-05-14T00:14:16Z,Detroit Pistons,Cleveland Cavaliers,,,False
2026-05-13,2026-05-14T02:32:07.071536+00:00,3992,James Harden,CLE,ra,OVER,8.5,114,0.4672897196261682,0.5236672901642835,0.7235514038903287,0.05637757053811526,0.12064800095156658,fanduel,FanDuel,2026-05-14T00:14:16Z,Detroit Pistons,Cleveland Cavaliers,,,False
2026-05-13,2026-05-14T02:32:07.071536+00:00,3992,James Harden,CLE,ra,OVER,8.5,110,0.47619047619047616,0.5306098802844437,0.7235514038903287,0.054419404093967505,0.11428074859733173,draftkings,DraftKings,2026-05-14T00:14:16Z,Detroit Pistons,Cleveland Cavaliers,,,False
2026-05-13,2026-05-14T02:32:07.071536+00:00,4432158,Evan Mobley,CLE,ra,UNDER,13.5,-115,0.5348837209302325,0.5633289776239095,0.6641803422651282,0.028445256693677035,0.053180262514265664,draftkings,DraftKings,2026-05-14T00:14:16Z,Detroit Pistons,Cleveland Cavaliers,,,False
2026-05-13,2026-05-14T02:32:07.071536+00:00,4432158,Evan Mobley,CLE,ra,UNDER,13.5,-140,0.5833333333333334,0.6011196752983282,0.6641803422651282,0.017786341964994845,0.030490871939991226,fanduel,FanDuel,2026-05-14T00:14:16Z,Detroit Pistons,Cleveland Cavaliers,,,False
2026-05-13,2026-05-14T02:32:07.071536+00:00,6440,Tobias Harris,DET,ra,OVER,6.5,-230,0.696969696969697,0.7085021140435478,0.7493897745781097,0.011532417073850776,0.01654651145378594,draftkings,DraftKings,2026-05-14T00:14:16Z,Detroit Pistons,Cleveland Cavaliers,,,False
2026-05-13,2026-05-14T02:32:07.071536+00:00,4432166,Cade Cunningham,DET,ra,OVER,12.5,-105,0.5121951219512195,0.5189124112942024,0.5427282553284145,0.0067172893429828795,0.013114707764871336,draftkings,DraftKings,2026-05-14T00:14:16Z,Detroit Pistons,Cleveland Cavaliers,,,False
2026-05-13,2026-05-14T02:32:07.071536+00:00,4066328,Jarrett Allen,CLE,ra,UNDER,9.5,-145,0.5918367346938775,0.5943695051751644,0.6033493277906359,0.0025327704812868612,0.004279508744243321,draftkings,DraftKings,2026-05-14T00:14:16Z,Detroit Pistons,Cleveland Cavaliers,,,False
2026-05-13,2026-05-14T02:32:07.071536+00:00,5107199,Daniss Jenkins,DET,reb,OVER,1.5,210,0.3225806451612903,0.37722484359552844,0.6868753013895443,0.05464419843423812,0.16939701514613814,draftkings,DraftKings,2026-05-14T00:14:16Z,Detroit Pistons,Cleveland Cavaliers,,,False
2026-05-13,2026-05-14T02:32:07.071536+00:00,4065778,Max Strus,CLE,reb,UNDER,7.5,120,0.45454545454545453,0.5058695528565276,0.7967061099526078,0.05132409831107304,0.11291301628436068,bovada,Bovada,2026-05-14T00:14:16Z,Detroit Pistons,Cleveland Cavaliers,,,False
2026-05-13,2026-05-14T02:32:07.071536+00:00,4432158,Evan Mobley,CLE,reb,OVER,6.5,180,0.35714285714285715,0.39648983037768853,0.619456012041733,0.039346973234831384,0.11017152505752781,bovada,Bovada,2026-05-14T00:14:16Z,Detroit Pistons,Cleveland Cavaliers,,,False
2026-05-13,2026-05-14T02:32:07.071536+00:00,4065778,Max Strus,CLE,reb,UNDER,7.5,110,0.47619047619047616,0.5242678212547959,0.7967061099526078,0.04807734506431971,0.10096242463507143,draftkings,DraftKings,2026-05-14T00:14:16Z,Detroit Pistons,Cleveland Cavaliers,,,False
2026-05-13,2026-05-14T02:32:07.071536+00:00,4432158,Evan Mobley,CLE,reb,OVER,6.5,160,0.38461538461538464,0.41984147872933686,0.619456012041733,0.03522609411395222,0.0915878446962759,draftkings,DraftKings,2026-05-14T00:14:16Z,Detroit Pistons,Cleveland Cavaliers,,,False
2026-05-13,2026-05-14T02:32:07.071536+00:00,4684742,Ausar Thompson,DET,reb,UNDER,7.5,164,0.3787878787878788,0.4131072814576693,0.6075838965864822,0.0343194026697905,0.09060322304824686,fanduel,FanDuel,2026-05-14T00:14:16Z,Detroit Pistons,Cleveland Cavaliers,,,False
2026-05-13,2026-05-14T02:32:07.071536+00:00,4065778,Max Strus,CLE,reb,UNDER,7.5,100,0.5,0.5445059164928912,0.7967061099526078,0.04450591649289115,0.0890118329857823,fanduel,FanDuel,2026-05-14T00:14:16Z,Detroit Pistons,Cleveland Cavaliers,,,False
2026-05-13,2026-05-14T02:32:07.071536+00:00,3908809,Donovan Mitchell,CLE,reb,OVER,3.5,102,0.49504950495049505,0.5345491433539686,0.7583804276403188,0.03949963840347359,0.07978926957501664,fanduel,FanDuel,2026-05-14T00:14:16Z,Detroit Pistons,Cleveland Cavaliers,,,False
2026-05-13,2026-05-14T02:32:07.071536+00:00,4432158,Evan Mobley,CLE,reb,OVER,6.5,143,0.411522633744856,0.4427126404893875,0.619456012041733,0.03119000674453154,0.07579171638921167,williamhill_us,Caesars,2026-05-14T00:14:16Z,Detroit Pistons,Cleveland Cavaliers,,,False
2026-05-13,2026-05-14T02:32:07.071536+00:00,3908809,Donovan Mitchell,CLE,reb,OVER,3.5,-110,0.5238095238095238,0.5589951593841431,0.7583804276403188,0.03518563557461929,0.06717257700609136,draftkings,DraftKings,2026-05-14T00:14:16Z,Detroit Pistons,Cleveland Cavaliers,,,False
2026-05-13,2026-05-14T02:32:07.071536+00:00,3908809,Donovan Mitchell,CLE,reb,OVER,3.5,-115,0.5348837209302325,0.5684082269367454,0.7583804276403188,0.03352450600651291,0.0626762503600023,bovada,Bovada,2026-05-14T00:14:16Z,Detroit Pistons,Cleveland Cavaliers,,,False
2026-05-13,2026-05-14T02:32:07.071536+00:00,6440,Tobias Harris,DET,reb,OVER,4.5,-166,0.6240601503759399,0.6575277384953124,0.8471774045050904,0.03346758811937256,0.05362878578164526,fanduel,FanDuel,2026-05-14T00:14:16Z,Detroit Pistons,Cleveland Cavaliers,,,False
2026-05-13,2026-05-14T02:32:07.071536+00:00,6440,Tobias Harris,DET,reb,OVER,4.5,-180,0.6428571428571429,0.6735051821043351,0.8471774045050904,0.03064803924719217,0.04767472771785458,draftkings,DraftKings,2026-05-14T00:14:16Z,Detroit Pistons,Cleveland Cavaliers,,,False
2026-05-13,2026-05-14T02:32:07.071536+00:00,6440,Tobias Harris,DET,reb,OVER,4.5,-205,0.6721311475409836,0.6983880860855995,0.8471774045050904,0.02625693854461597,0.039065201249306625,bovada,Bovada,2026-05-14T00:14:16Z,Detroit Pistons,Cleveland Cavaliers,,,False
2026-05-13,2026-05-14T02:32:07.071536+00:00,4432166,Cade Cunningham,DET,reb,OVER,4.5,108,0.4807692307692308,0.49257736264285423,0.5594901099267205,0.01180813187362345,0.024560914297136804,fanduel,FanDuel,2026-05-14T00:14:16Z,Detroit Pistons,Cleveland Cavaliers,,,False
2026-05-13,2026-05-14T02:32:07.071536+00:00,4432166,Cade Cunningham,DET,reb,OVER,4.5,-115,0.5348837209302325,0.5385746792797057,0.5594901099267205,0.0036909583494731946,0.006900487349014994,bovada,Bovada,2026-05-14T00:14:16Z,Detroit Pistons,Cleveland Cavaliers,,,False
2026-05-13,2026-05-14T02:32:07.071536+00:00,4432158,Evan Mobley,CLE,reb,OVER,5.5,-240,0.7058823529411765,0.7107094828646695,0.7380632190977965,0.00482712992349299,0.006838434058281828,fanduel,FanDuel,2026-05-14T00:14:16Z,Detroit Pistons,Cleveland Cavaliers,,,False
2026-05-13,2026-05-14T02:32:07.071536+00:00,4066328,Jarrett Allen,CLE,reb,UNDER,8.5,-188,0.6527777777777778,0.6560178175612632,0.674378043001014,0.0032400397834854155,0.004963465200232997,draftkings,DraftKings,2026-05-14T00:14:16Z,Detroit Pistons,Cleveland Cavaliers,,,False
2026-05-13,2026-05-14T02:32:07.071536+00:00,4066328,Jarrett Allen,CLE,reb,UNDER,7.5,-115,0.5348837209302325,0.5367377720157498,0.5472440615003475,0.0018540510855172831,0.0034662694207496236,fanatics,Fanatics,2026-05-14T00:14:16Z,Detroit Pistons,Cleveland Cavaliers,,,False
2026-05-13,2026-05-14T02:32:07.071536+00:00,4684742,Ausar Thompson,DET,reb,UNDER,8.5,-250,0.7142857142857143,0.7163222163896374,0.7278623949785349,0.0020365021039231435,0.0028511029454924564,bovada,Bovada,2026-05-14T00:14:16Z,Detroit Pistons,Cleveland Cavaliers,,,False
2026-05-13,2026-05-14T02:32:07.071536+00:00,3992,James Harden,CLE,reb,OVER,4.5,114,0.4672897196261682,0.46858388880241336,0.47591751413446926,0.0012941691762451413,0.002769522037164629,draftkings,DraftKings,2026-05-14T00:14:16Z,Detroit Pistons,Cleveland Cavaliers,,,False
2026-05-13,2026-05-14T02:32:07.071536+00:00,6440,Tobias Harris,DET,threes,OVER,0.5,430,0.18867924528301888,0.839642113463407,0.839642113463407,0.6509628681803881,3.450103201356057,fanduel,FanDuel,2026-05-14T00:14:16Z,Detroit Pistons,Cleveland Cavaliers,,,False
2026-05-13,2026-05-14T02:32:07.071536+00:00,6440,Tobias Harris,DET,threes,OVER,0.5,400,0.2,0.839642113463407,0.839642113463407,0.6396421134634069,3.198210567317035,bovada,Bovada,2026-05-14T00:14:16Z,Detroit Pistons,Cleveland Cavaliers,,,False
2026-05-13,2026-05-14T02:32:07.071536+00:00,6440,Tobias Harris,DET,threes,OVER,0.5,390,0.20408163265306123,0.839642113463407,0.839642113463407,0.6355604808103458,3.1142463559706943,draftkings,DraftKings,2026-05-14T00:14:16Z,Detroit Pistons,Cleveland Cavaliers,,,False
2026-05-13,2026-05-14T02:32:07.071536+00:00,3908809,Donovan Mitchell,CLE,threes,OVER,0.5,210,0.3225806451612903,0.9522636293609958,0.9522636293609958,0.6296829841997056,1.9520172510190872,fanduel,FanDuel,2026-05-14T00:14:16Z,Detroit Pistons,Cleveland Cavaliers,,,False
2026-05-13,2026-05-14T02:32:07.071536+00:00,3908809,Donovan Mitchell,CLE,threes,OVER,0.5,210,0.3225806451612903,0.9522636293609958,0.9522636293609958,0.6296829841997056,1.9520172510190872,bovada,Bovada,2026-05-14T00:14:16Z,Detroit Pistons,Cleveland Cavaliers,,,False
2026-05-13,2026-05-14T02:32:07.071536+00:00,3908809,Donovan Mitchell,CLE,threes,OVER,0.5,185,0.3508771929824561,0.9522636293609958,0.9522636293609958,0.6013864363785397,1.7139513436788383,draftkings,DraftKings,2026-05-14T00:14:16Z,Detroit Pistons,Cleveland Cavaliers,,,False
2026-05-13,2026-05-14T02:32:07.071536+00:00,4432158,Evan Mobley,CLE,threes,OVER,1.5,420,0.19230769230769232,0.36889081009364255,0.36889081009364255,0.17658311778595023,0.9182322124869413,draftkings,DraftKings,2026-05-14T00:14:16Z,Detroit Pistons,Cleveland Cavaliers,,,False
2026-05-13,2026-05-14T02:32:07.071536+00:00,4065778,Max Strus,CLE,threes,UNDER,5.5,-155,0.6078431372549019,0.99,0.9976833080382453,0.3821568627450981,0.6287096774193548,bovada,Bovada,2026-05-14T00:14:16Z,Detroit Pistons,Cleveland Cavaliers,,,False
2026-05-13,2026-05-14T02:32:07.071536+00:00,4065778,Max Strus,CLE,threes,UNDER,5.5,-180,0.6428571428571429,0.99,0.9976833080382453,0.3471428571428571,0.54,draftkings,DraftKings,2026-05-14T00:14:16Z,Detroit Pistons,Cleveland Cavaliers,,,False
2026-05-13,2026-05-14T02:32:07.071536+00:00,4065778,Max Strus,CLE,threes,UNDER,5.5,-225,0.6923076923076923,0.99,0.9976833080382453,0.2976923076923077,0.42999999999999994,fanduel,FanDuel,2026-05-14T00:14:16Z,Detroit Pistons,Cleveland Cavaliers,,,False
2026-05-13,2026-05-14T02:32:07.071536+00:00,3992,James Harden,CLE,threes,UNDER,3.5,-165,0.6226415094339622,0.7835857252394108,0.7835857252394108,0.1609442158054486,0.2584861647784477,fanatics,Fanatics,2026-05-14T00:14:16Z,Detroit Pistons,Cleveland Cavaliers,,,False
2026-05-13,2026-05-14T02:32:07.071536+00:00,4432166,Cade Cunningham,DET,threes,UNDER,6.5,-375,0.7894736842105263,0.99,0.9983256183745262,0.20052631578947366,0.254,draftkings,DraftKings,2026-05-14T00:14:16Z,Detroit Pistons,Cleveland Cavaliers,,,False
2026-05-13,2026-05-14T02:32:07.071536+00:00,4432166,Cade Cunningham,DET,threes,UNDER,6.5,-375,0.7894736842105263,0.99,0.9983256183745262,0.20052631578947366,0.254,bovada,Bovada,2026-05-14T00:14:16Z,Detroit Pistons,Cleveland Cavaliers,,,False
2026-05-13,2026-05-14T02:32:07.071536+00:00,4432166,Cade Cunningham,DET,threes,UNDER,6.5,-500,0.8333333333333334,0.99,0.9983256183745262,0.15666666666666662,0.188,fanduel,FanDuel,2026-05-14T00:14:16Z,Detroit Pistons,Cleveland Cavaliers,,,False
2026-05-13,2026-05-14T02:32:07.071536+00:00,5107199,Daniss Jenkins,DET,threes,UNDER,2.5,-410,0.803921568627451,0.898229701200746,0.898229701200746,0.09430813257329496,0.11731011612775719,bovada,Bovada,2026-05-14T00:14:16Z,Detroit Pistons,Cleveland Cavaliers,,,False
2026-05-13,2026-05-14T02:32:07.071536+00:00,5107199,Daniss Jenkins,DET,threes,UNDER,2.5,-700,0.875,0.898229701200746,0.898229701200746,0.023229701200745967,0.026548229943709672,fanduel,FanDuel,2026-05-14T00:14:16Z,Detroit Pistons,Cleveland Cavaliers,,,False
2026-05-13,2026-05-14T02:32:07.071536+00:00,3992,James Harden,CLE,threes,UNDER,3.5,-330,0.7674418604651163,0.7835857252394108,0.7835857252394108,0.016143864774294525,0.021035945008929274,draftkings,DraftKings,2026-05-14T00:14:16Z,Detroit Pistons,Cleveland Cavaliers,,,False
2026-05-13,2026-05-14T02:32:07.071536+00:00,5107199,Daniss Jenkins,DET,threes,UNDER,2.5,-810,0.8901098901098901,0.898229701200746,0.898229701200746,0.00811981109085591,0.009122256904541756,draftkings,DraftKings,2026-05-14T00:14:16Z,Detroit Pistons,Cleveland Cavaliers,,,False
2026-05-13,2026-05-14T02:32:07.071536+00:00,3992,James Harden,CLE,threes,UNDER,3.5,-350,0.7777777777777778,0.7835857252394108,0.7835857252394108,0.005807947461633045,0.007467361022099633,fanduel,FanDuel,2026-05-14T00:14:16Z,Detroit Pistons,Cleveland Cavaliers,,,False
