player_id,date,team,opponent,home,pred_pts,pred_reb,pred_ast,pred_threes,pred_pra,act_pts,act_reb,act_ast,act_threes,act_pra,pred_pts_err,pred_reb_err,pred_ast_err,pred_threes_err,pred_pra_err
101108,2025-04-13,SAS,TOR,True,8.148639370785588,2.797220438180073,4.314984525096215,1.3140468381369326,15.26084433406184,15,7,6,2,28,-6.851360629214412,-4.202779561819927,-1.6850154749037847,-0.6859531618630674,-12.73915566593816
200782,2025-04-13,NYK,BKN,False,3.410079576382161,2.798723520472836,0.6830203431756362,0.6847999813404779,6.891823440030799,6,2,0,2,8,-2.589920423617839,0.7987235204728358,0.6830203431756362,-1.315200018659522,-1.108176559969201
201144,2025-04-13,MIN,UTA,True,8.024301223367774,2.50060884301174,4.416328425078585,1.353251839898342,14.9412384914581,0,2,2,0,4,8.024301223367774,0.5006088430117401,2.416328425078585,1.353251839898342,10.9412384914581
201145,2025-04-13,HOU,DEN,True,6.525914437419737,2.5983220919480665,1.6368041389717718,1.2509211645015277,10.761040668339607,5,3,0,1,8,1.525914437419737,-0.4016779080519335,1.6368041389717718,0.2509211645015277,2.761040668339607
201566,2025-04-13,DEN,HOU,False,13.751937765731697,4.397412803894225,4.655710365773728,1.2541316129919975,22.805060935399748,17,0,6,0,23,-3.2480622342683034,4.397412803894225,-1.3442896342262722,1.2541316129919975,-0.194939064600252
201599,2025-04-13,DEN,HOU,False,4.822889131920091,5.768568352442385,1.2736902795112357,-0.0211019448226796,11.865147763873802,4,5,0,0,9,0.8228891319200908,0.7685683524423848,1.2736902795112357,-0.0211019448226796,2.865147763873802
201935,2025-04-13,LAC,GSW,False,23.66604284456885,5.648992814055001,8.365955553152155,2.6013772201000003,37.68099121177588,39,7,10,5,56,-15.33395715543115,-1.351007185944999,-1.6340444468478452,-2.3986227798999997,-18.319008788224117
201939,2025-04-13,GSW,LAC,True,21.846782482294387,4.539285761308076,5.092268738981152,3.3974857370266,31.478336982583688,36,3,6,7,45,-14.153217517705613,1.5392857613080757,-0.9077312610188484,-3.6025142629734,-13.521663017416312
201942,2025-04-13,SAC,PHX,True,23.88348113979628,4.845269710406736,5.800846253404648,1.5933462381679326,34.529597103607685,8,0,5,0,13,15.883481139796281,4.845269710406736,0.8008462534046483,1.5933462381679326,21.529597103607685
201959,2025-04-13,CHA,BOS,False,3.508743515326654,2.41993610583494,0.5762730186404146,0.2003426104627103,6.504952639801994,4,6,2,0,12,-0.4912564846733458,-3.58006389416506,-1.4237269813595854,0.2003426104627103,-5.495047360198006
202066,2025-04-13,TOR,SAS,False,6.9006560861261725,2.7752848439192483,2.1756452798564547,0.8226951538274195,11.851586209902036,0,0,1,0,1,6.9006560861261725,2.7752848439192483,1.1756452798564547,0.8226951538274195,10.851586209902036
202684,2025-04-13,CLE,IND,True,4.013828133032685,4.075359058634055,0.7151812347208518,0.2007139361179975,8.804368426387601,3,20,1,0,24,1.0138281330326846,-15.924640941365945,-0.2848187652791482,0.2007139361179975,-15.195631573612399
202685,2025-04-13,SAC,PHX,True,6.157647196768549,4.808391100662295,0.9941653330545596,0.0695084811661251,11.960203630485433,22,10,4,0,36,-15.842352803231451,-5.191608899337705,-3.0058346669454403,0.0695084811661251,-24.03979636951457
202687,2025-04-13,SAS,TOR,True,6.107159906669649,6.397330327864369,1.0868884843085145,0.1617505889376392,13.59137871884256,2,7,0,0,9,4.107159906669649,-0.6026696721356313,1.0868884843085145,0.1617505889376392,4.591378718842559
202693,2025-04-13,LAL,POR,False,5.095947018079855,2.093289354888517,1.543111948266487,0.7930683618919421,8.732348321234799,11,4,6,1,21,-5.904052981920145,-1.9067106451114828,-4.456888051733513,-0.20693163810805792,-12.267651678765201
202695,2025-04-13,LAC,GSW,False,24.11483689032985,7.544208310433996,3.670725768399159,2.060375996364606,35.32977096916304,33,6,7,4,46,-8.885163109670149,1.544208310433996,-3.329274231600841,-1.939624003635394,-10.670229030836957
202696,2025-04-13,CHI,PHI,False,17.407158598753774,9.30878525937095,4.527307592747984,1.376721666261592,31.243251450872556,8,8,0,0,16,9.407158598753774,1.30878525937095,4.527307592747984,1.376721666261592,15.243251450872556
202699,2025-04-13,DET,MIL,False,13.484961643169044,4.766222068697657,2.457129632283866,1.5134622414474954,20.70831334415052,4,3,1,0,8,9.484961643169044,1.7662220686976573,1.4571296322838658,1.5134622414474954,12.708313344150518
202710,2025-04-13,GSW,LAC,True,17.706567529746565,4.841959604844914,4.578597139434561,1.131231139008568,27.12712427402612,30,1,9,0,40,-12.293432470253435,3.841959604844914,-4.421402860565439,1.131231139008568,-12.87287572597388
203084,2025-04-13,SAS,TOR,True,13.15656741820002,3.2103181606737574,1.557644099502152,2.4174223265654597,17.924529678375894,18,5,1,2,24,-4.843432581799981,-1.7896818393262426,0.5576440995021521,0.41742232656545974,-6.075470321624106
203110,2025-04-13,GSW,LAC,True,8.409866614384235,5.492887838931445,4.565026353649335,1.0545154042047318,18.46778080696512,14,3,4,4,21,-5.590133385615765,2.492887838931445,0.5650263536493352,-2.9454845957952682,-2.53221919303488
203458,2025-04-13,LAL,POR,False,2.604858443911354,3.113141558280846,0.7239573143046487,0.2126538653793847,6.441957316496934,4,2,1,0,7,-1.395141556088646,1.1131415582808462,-0.2760426856953513,0.2126538653793847,-0.5580426835030661
203484,2025-04-13,ORL,ATL,False,8.032919633571176,2.331555617722627,1.4228426969586314,1.785010829896705,11.787317948252516,2,0,1,0,3,6.032919633571176,2.331555617722627,0.4228426969586314,1.785010829896705,8.787317948252516
203486,2025-04-13,PHX,SAC,False,5.384119175309976,5.165271610999174,1.393977372843491,0.1748485298497177,11.943368159152543,4,5,3,0,12,1.3841191753099764,0.16527161099917365,-1.606022627156509,0.1748485298497177,-0.05663184084745687
203497,2025-04-13,MIN,UTA,True,18.38698332945038,12.904831605247738,2.083368587587937,0.076820545228091,33.37518352228595,19,18,0,0,37,-0.6130166705496194,-5.095168394752262,2.083368587587937,0.076820545228091,-3.624816477714049
203500,2025-04-13,HOU,DEN,True,5.620317106306133,6.851685703955646,0.7625825063277217,0.0765749437690483,13.234585316589516,4,6,1,0,11,1.6203171063061328,0.8516857039556456,-0.23741749367227827,0.0765749437690483,2.2345853165895164
203501,2025-04-13,DET,MIL,False,13.715830071172736,2.2168834323878834,1.9506502304563376,2.667815613971733,17.88336373401703,3,1,0,1,4,10.715830071172736,1.2168834323878834,1.9506502304563376,1.667815613971733,13.883363734017031
203897,2025-04-13,SAC,PHX,True,24.42226645211882,3.448059436144453,4.4648362287300944,3.746176898243652,32.33516211699339,16,0,2,4,18,8.42226645211882,3.448059436144453,2.4648362287300944,-0.2538231017563479,14.335162116993388
203901,2025-04-13,NOP,OKC,True,6.89424210264372,4.262973249711013,8.654531121033234,0.5475499675590105,19.81174647338796,3,2,3,1,8,3.8942421026437204,2.2629732497110133,5.654531121033234,-0.45245003244098947,11.81174647338796
203914,2025-04-13,ORL,ATL,False,4.157871051946742,1.8959061399668724,1.054574018808774,0.8846476896429896,7.108351210722439,12,1,1,4,14,-7.842128948053258,0.8959061399668724,0.054574018808773994,-3.1153523103570104,-6.891648789277561
203915,2025-04-13,DAL,MEM,False,13.777732081151887,3.922014805732154,6.551927250019446,1.651483930845968,24.25167413690348,8,2,7,1,17,5.777732081151887,1.9220148057321542,-0.4480727499805539,0.6514839308459679,7.251674136903478
203926,2025-04-13,SAC,PHX,True,4.587260738258967,1.2312574190722887,0.6108854217595279,1.1620460472812617,6.429403579090826,6,0,2,2,8,-1.4127392617410326,1.2312574190722887,-1.3891145782404721,-0.8379539527187383,-1.5705964209091743
203932,2025-04-13,DEN,HOU,False,18.7647722338441,5.239027414573922,4.152922662033032,1.763607216886688,28.156722310451094,18,7,3,1,28,0.7647722338440985,-1.760972585426078,1.1529226620330322,0.7636072168866881,0.15672231045109442
203937,2025-04-13,MIA,WAS,True,10.339178434467131,4.636010188224175,3.2144681188980164,0.6138178828618452,18.18965674158932,6,6,4,0,16,4.339178434467131,-1.3639898117758253,-0.7855318811019836,0.6138178828618452,2.189656741589321
203939,2025-04-13,DAL,MEM,False,1.846735046810016,1.95009216307967,0.9064802678961024,0.1223292752885083,4.703307477785819,6,0,0,1,6,-4.153264953189984,1.95009216307967,0.9064802678961024,-0.8776707247114917,-1.2966925222141814
203944,2025-04-13,MIN,UTA,True,18.164500265340138,6.337505944062338,4.581566554260956,2.2029075430998697,29.083572763663422,10,10,5,0,25,8.164500265340138,-3.662494055937662,-0.4184334457390442,2.2029075430998697,4.0835727636634225
203957,2025-04-13,DAL,MEM,False,7.798522845340632,1.7705877813868136,1.86655635864692,1.2942491483858083,11.435666985374471,4,2,3,0,9,3.7985228453406323,-0.2294122186131864,-1.13344364135308,1.2942491483858083,2.4356669853744712
203992,2025-04-13,LAC,GSW,False,10.547062585019653,2.8068293631419325,3.3453258634930982,1.8450347625949453,16.699217811654677,5,1,0,1,6,5.547062585019653,1.8068293631419325,3.3453258634930982,0.8450347625949453,10.699217811654677
203994,2025-04-13,CHA,BOS,False,12.196475763112652,5.915848092129245,3.1562660846673167,0.6820671279478279,21.268589939909383,14,9,2,1,25,-1.8035242368873483,-3.084151907870755,1.1562660846673167,-0.31793287205217213,-3.7314100600906173
203999,2025-04-13,DEN,HOU,False,32.882817592308484,11.193725792614824,8.934252857981814,1.9025564983843943,53.01079624290506,18,7,7,3,32,14.882817592308484,4.193725792614824,1.9342528579818143,-1.0974435016156057,21.01079624290506
204456,2025-04-13,IND,CLE,False,9.92714935998621,3.5446023016870907,4.224905240276369,0.4839818662979008,17.696656901949616,8,0,1,0,9,1.9271493599862097,3.5446023016870907,3.224905240276369,0.4839818662979008,8.696656901949616
1626145,2025-04-13,PHX,SAC,False,7.832452790689851,2.472952424516341,2.845033918814676,1.3513977228512355,13.150439134020862,17,2,4,3,23,-9.167547209310149,0.472952424516341,-1.1549660811853242,-1.6486022771487645,-9.849560865979138
1626153,2025-04-13,NYK,BKN,False,5.844841468030342,2.08692646909054,2.41512757920716,0.97390797940489,10.34689551632816,5,2,3,0,10,0.8448414680303422,0.0869264690905398,-0.58487242079284,0.97390797940489,0.3468955163281606
1626166,2025-04-13,NYK,BKN,False,6.432364678211754,1.73447951934505,2.824484879190753,1.1925645565346554,10.991329076747553,21,2,7,3,30,-14.567635321788245,-0.26552048065495004,-4.175515120809247,-1.8074354434653446,-19.008670923252446
1626167,2025-04-13,IND,CLE,False,15.422904678866104,7.072161799885919,1.490689059930876,2.122031677810328,23.98575553868287,9,1,1,1,11,6.422904678866104,6.072161799885919,0.49068905993087597,1.122031677810328,12.98575553868287
1626168,2025-04-13,SAC,PHX,True,8.040461425209994,5.411268473423791,1.36804511313744,1.1810021378526696,14.819775011771302,11,2,1,2,14,-2.959538574790006,3.4112684734237906,0.36804511313744004,-0.8189978621473304,0.8197750117713021
1626172,2025-04-13,GSW,LAC,True,4.2654589830224205,5.038123565773441,1.277458786334762,0.3061606178283302,10.581041335130676,6,3,3,0,12,-1.7345410169775795,2.038123565773441,-1.722541213665238,0.3061606178283302,-1.418958664869324
1626179,2025-04-13,MIA,WAS,True,5.745930100283223,2.6300377037430227,1.7267831789366324,1.0925817307324155,10.102750982962746,2,6,1,0,9,3.745930100283223,-3.3699622962569773,0.7267831789366324,1.0925817307324155,1.1027509829627462
1626181,2025-04-13,LAC,GSW,False,16.367174813589756,2.858338859327448,2.3249114823323365,2.383092346421116,21.55042515524956,11,2,0,1,13,5.367174813589756,0.8583388593274481,2.3249114823323365,1.3830923464211158,8.55042515524956
1626192,2025-04-13,MIL,DET,True,5.250267245938739,2.0668398650162785,1.6127825743774868,0.3219811039258498,8.929889685332578,43,11,5,5,59,-37.74973275406126,-8.933160134983721,-3.387217425622513,-4.67801889607415,-50.070110314667424
1626220,2025-04-13,PHX,SAC,False,7.387625373998974,2.867310414441372,1.5867381962106375,1.9457934682012432,11.841673984651074,5,3,3,1,11,2.387625373998974,-0.13268958555862786,-1.4132618037893625,0.9457934682012432,0.8416739846510737
1627732,2025-04-13,LAC,GSW,False,2.7660382465999795,3.4851375770342763,2.0711448744866505,0.2052985732379715,8.322320698120905,0,2,1,0,3,2.7660382465999795,1.4851375770342763,1.0711448744866505,0.2052985732379715,5.322320698120905
1627734,2025-04-13,SAC,PHX,True,18.902018784589977,12.79146036299069,5.131415331474547,0.4895153243981247,36.82489447905509,20,12,6,4,38,-1.097981215410023,0.7914603629906907,-0.868584668525453,-3.5104846756018753,-1.1751055209449106
1627736,2025-04-13,DET,MIL,False,14.2883065893855,2.040867296751081,1.683117437774899,3.1665575749958865,18.01229132391149,23,1,2,7,26,-8.7116934106145,1.040867296751081,-0.316882562225101,-3.8334424250041135,-7.987708676088509
1627739,2025-04-13,LAC,GSW,False,8.113911291941847,3.2626436249897868,1.861452403988312,1.4539307911529904,13.23800732091992,11,1,6,3,18,-2.8860887080581534,2.2626436249897868,-4.138547596011688,-1.5460692088470096,-4.76199267908008
1627741,2025-04-13,GSW,LAC,True,10.22722958295384,3.250932021341387,1.278483052661145,2.216285968754115,14.75664465695637,8,1,0,2,9,2.2272295829538393,2.250932021341387,1.278483052661145,0.2162859687541152,5.75664465695637
1627750,2025-04-13,DEN,HOU,False,20.9854253605141,4.245656811071932,5.653905089559301,2.23769426051536,30.88498726114532,16,7,3,1,26,4.9854253605141,-2.7543431889280683,2.6539050895593013,1.2376942605153598,4.884987261145319
1627780,2025-04-13,GSW,LAC,True,9.004830238729364,3.012596919731622,1.3042160870504482,1.1869581301021874,13.321643245511424,2,4,3,0,9,7.0048302387293635,-0.9874030802683782,-1.6957839129495518,1.1869581301021874,4.321643245511424
1627814,2025-04-13,PHX,SAC,False,3.7134824453537,1.1106663730503623,0.556369587779269,0.5808628479652176,5.380518406183297,4,1,0,0,5,-0.2865175546462999,0.11066637305036231,0.556369587779269,0.5808628479652176,0.38051840618329713
1627826,2025-04-13,LAC,GSW,False,18.980864890307156,12.291171690144417,3.5230220339179787,0.2155624940152171,34.79505861436954,22,17,3,0,42,-3.0191351096928436,-4.708828309855583,0.5230220339179787,0.2155624940152171,-7.2049413856304625
1627832,2025-04-13,HOU,DEN,True,12.56843340748579,2.6534895070163587,4.6447020544541,2.529143964513477,19.86662496895613,15,0,3,3,18,-2.4315665925142103,2.6534895070163587,1.6447020544540996,-0.470856035486523,1.8666249689561312
1627884,2025-04-13,LAC,GSW,False,10.155766393502471,3.533081868910272,1.2501421726813473,1.1453544068219823,14.938990435094077,3,5,1,0,9,7.155766393502471,-1.4669181310897281,0.2501421726813473,1.1453544068219823,5.938990435094077
1628365,2025-04-13,SAC,PHX,True,4.014189877062959,1.6545418695219658,1.5226063509639376,0.4586291098726966,7.19133809754891,4,2,4,0,10,0.014189877062959155,-0.3454581304780342,-2.4773936490360624,0.4586291098726966,-2.8086619024510897
1628371,2025-04-13,ORL,ATL,False,5.245968254938404,3.601377965942392,1.2872517233526946,0.3831357376220463,10.134597944233574,12,10,2,0,24,-6.754031745061596,-6.398622034057608,-0.7127482766473054,0.3831357376220463,-13.865402055766426
1628380,2025-04-13,CHI,PHI,False,6.712937023668098,5.845816553932694,2.018343138114028,0.5299244654420148,14.577096715714838,13,4,2,1,19,-6.287062976331902,1.8458165539326936,0.01834313811402799,-0.47007553455798523,-4.422903284285162
1628386,2025-04-13,CLE,IND,True,14.127811034431833,8.7183713605494,2.025851582099885,0.2261194874052717,24.872033977081,0,0,1,0,1,14.127811034431833,8.7183713605494,1.025851582099885,0.2261194874052717,23.872033977081
1628396,2025-04-13,IND,CLE,False,6.1417730864239966,3.5293762943499147,1.0208290502376405,0.3557658047799809,10.69197843101158,14,14,1,0,29,-7.8582269135760034,-10.470623705650086,0.02082905023764048,0.3557658047799809,-18.30802156898842
1628398,2025-04-13,MIL,DET,True,13.168317484884676,3.59448367359761,2.1760200811641592,1.6348927961555095,18.93882123964637,22,2,2,5,26,-8.831682515115324,1.59448367359761,0.17602008116415924,-3.3651072038444907,-7.061178760353631
1628415,2025-04-13,HOU,DEN,True,15.471241024918944,2.869567777792324,2.0479833163794328,2.624329956032905,20.388792119090585,8,1,1,2,10,7.471241024918944,1.8695677777923239,1.0479833163794328,0.6243299560329052,10.388792119090585
1628418,2025-04-13,IND,CLE,False,6.622208570245875,3.238176315988308,0.7413309819002007,0.8174119710770794,10.601715868134375,7,3,0,1,10,-0.37779142975412494,0.23817631598830813,0.7413309819002007,-0.1825880289229206,0.6017158681343755
1628420,2025-04-13,PHX,SAC,False,5.481687249226814,1.4557136673548912,1.3620581765006847,0.9425646197316592,8.299459093082442,8,3,2,2,13,-2.5183127507731857,-1.5442863326451088,-0.6379418234993153,-1.0574353802683407,-4.700540906917558
1628436,2025-04-13,BOS,CHA,True,10.564214096025315,6.357739921067775,1.94100265822071,0.2239354372966453,18.86295667531373,11,8,2,0,21,-0.43578590397468453,-1.6422600789322246,-0.05899734177928995,0.2239354372966453,-2.137043324686271
1628470,2025-04-13,BOS,CHA,True,3.6071427889688175,3.768933135037941,1.1163723104780212,0.569548928858504,8.492448234484723,0,3,1,0,4,3.6071427889688175,0.7689331350379409,0.11637231047802121,0.569548928858504,4.492448234484723
1628960,2025-04-13,PHX,SAC,False,10.25203028223218,3.272070295117999,2.1501239117683806,1.6884163687482483,15.674224489118489,20,2,5,4,27,-9.74796971776782,1.2720702951179992,-2.8498760882316194,-2.311583631251752,-11.325775510881511
1628963,2025-04-13,MEM,DAL,True,2.0561262958015307,1.654087713688821,0.2251123961345279,0.1628681374304448,3.935326405624873,25,12,3,0,40,-22.94387370419847,-10.34591228631118,-2.774887603865472,0.1628681374304448,-36.06467359437513
1628969,2025-04-13,NYK,BKN,False,18.744465665761147,3.373072038511076,5.525766536868412,1.8489840261720547,27.643304241140584,0,0,0,0,0,18.744465665761147,3.373072038511076,5.525766536868412,1.8489840261720547,27.643304241140584
1628975,2025-04-13,CHI,PHI,False,6.566002863462086,1.748315065105238,1.768397535502218,1.3819538294407276,10.082715464069498,5,4,2,1,11,1.566002863462086,-2.251684934894762,-0.2316024644977821,0.38195382944072764,-0.9172845359305022
1628976,2025-04-13,ORL,ATL,False,10.885077193762044,6.449107708969166,1.39594842633283,0.930778027867554,18.730133329064017,4,3,2,0,9,6.885077193762044,3.4491077089691657,-0.6040515736671701,0.930778027867554,9.730133329064017
1628978,2025-04-13,MIN,UTA,True,10.90051460280941,3.5710088306447663,2.96997401012964,2.2354572069063634,17.441497443583835,16,3,2,4,21,-5.099485397190589,0.5710088306447663,0.9699740101296399,-1.7645427930936366,-3.5585025564161654
1628988,2025-04-13,HOU,DEN,True,7.868126288578493,1.9497016868557977,2.0717447407655185,1.6459962699848365,11.889572716199758,6,0,2,2,8,1.8681262885784928,1.9497016868557977,0.07174474076551851,-0.3540037300151635,3.8895727161997584
1628989,2025-04-13,CHI,PHI,False,13.923769706011436,2.8915840699708526,4.132316437083389,2.380104859321276,20.947670213065784,18,2,2,5,22,-4.076230293988564,0.8915840699708526,2.1323164370833894,-2.619895140678724,-1.0523297869342159
1628997,2025-04-13,DAL,MEM,False,7.376093262480377,3.3789463459711238,2.163340153143509,0.7438473675674696,12.91837976159513,6,3,0,0,9,1.376093262480377,0.37894634597112375,2.163340153143509,0.7438473675674696,3.91837976159513
1628998,2025-04-13,PHX,SAC,False,3.7933665122068057,3.083071959862888,0.8539448642858689,0.2718003573779927,7.730383336355658,2,2,1,0,5,1.7933665122068057,1.0830719598628882,-0.1460551357141311,0.2718003573779927,2.7303833363556578
1629003,2025-04-13,LAL,POR,False,2.8591770071432983,1.7122009040968775,0.818448851281228,0.1884925885005868,5.38982676252146,16,2,3,1,21,-13.140822992856702,-0.28779909590312247,-2.181551148718772,-0.8115074114994132,-15.61017323747854
1629004,2025-04-13,UTA,MIN,False,9.013275676319267,2.8134534703410496,2.4514894309235986,1.4859686364882485,14.278218577583925,14,4,4,4,22,-4.986724323680733,-1.1865465296589504,-1.5485105690764014,-2.5140313635117515,-7.7217814224160755
1629006,2025-04-13,CHA,BOS,False,9.261518622785914,2.724151207243752,1.5109877632414128,1.122925558388218,13.49665759327104,14,2,2,2,18,-4.738481377214086,0.7241512072437519,-0.4890122367585872,-0.8770744416117819,-4.50334240672896
1629008,2025-04-13,DEN,HOU,False,15.539393017268052,6.631582005818281,2.335012922595074,1.9994008262435377,24.5059879456814,19,7,0,3,26,-3.4606069827319477,-0.36841799418171917,2.335012922595074,-1.0005991737564623,-1.494012054318599
1629013,2025-04-13,NYK,BKN,False,8.98847473977116,1.8428513964250075,1.0269202542436608,2.4088619456013065,11.858246390439888,29,2,0,7,31,-20.01152526022884,-0.1571486035749925,1.0269202542436608,-4.5911380543986935,-19.141753609560112
1629022,2025-04-13,PHI,CHI,True,13.493369516206924,2.940128539076592,3.072651106463411,2.06172188634362,19.50614916174696,31,6,2,8,39,-17.506630483793074,-3.059871460923408,1.072651106463411,-5.93827811365638,-19.49385083825304
1629026,2025-04-13,OKC,NOP,False,10.091603874470724,4.076523327055586,2.6542006279739883,1.3383208225931886,16.822327829500317,17,12,2,0,31,-6.908396125529276,-7.923476672944414,0.6542006279739883,1.3383208225931886,-14.177672170499683
1629048,2025-04-13,ORL,ATL,False,5.6936408181909,5.1945336515197,1.919300016590909,0.2256061747442486,12.807474486301576,10,6,4,0,20,-4.3063591818091,-0.8054663484802997,-2.080699983409091,0.2256061747442486,-7.192525513698424
1629111,2025-04-13,HOU,DEN,True,8.143671974935952,4.549333621468719,1.6295038740685466,0.7351626575728654,14.322509470473165,11,3,0,1,14,-2.856328025064048,1.549333621468719,1.6295038740685466,-0.26483734242713464,0.3225094704731646
1629130,2025-04-13,MIA,WAS,True,10.377861618398358,1.5712517641986348,1.5535533736896476,2.4192866391410823,13.502666756286642,6,2,2,2,10,4.377861618398358,-0.42874823580136523,-0.44644662631035237,0.41928663914108233,3.502666756286642
1629162,2025-04-13,SAS,TOR,True,5.147567142661182,1.8092084582921,2.2545435891884007,0.94024767308409,9.211319190141785,2,0,0,0,2,3.147567142661182,1.8092084582921,2.2545435891884007,0.94024767308409,7.211319190141785
1629312,2025-04-13,MIA,WAS,True,6.803273278934574,4.3471854730537896,1.795071481838729,1.3845025156916804,12.945530233827032,12,3,1,2,16,-5.196726721065426,1.3471854730537896,0.795071481838729,-0.6154974843083196,-3.054469766172968
1629599,2025-04-13,LAC,GSW,False,5.961524360430386,1.2726802280718224,0.7533235101752406,0.8948586634539502,7.987528098677424,0,1,0,0,1,5.961524360430386,0.27268022807182235,0.7533235101752406,0.8948586634539502,6.987528098677424
1629610,2025-04-13,CHA,BOS,False,8.442156988218034,3.693397060125653,1.6802750577374586,1.3685443400386297,13.815829106081145,11,4,0,3,15,-2.5578430117819657,-0.30660293987434706,1.6802750577374586,-1.6314556599613703,-1.1841708939188553
1629611,2025-04-13,ATL,ORL,True,9.56942162500986,3.4601541794712203,1.7695623758668568,1.2123473123907724,14.79913818034789,19,3,4,0,26,-9.43057837499014,0.4601541794712203,-2.230437624133143,1.2123473123907724,-11.20086181965211
1629614,2025-04-13,IND,CLE,False,10.726861484510028,4.471941265658732,4.409987339319289,0.8947705982754319,19.60879008948809,3,0,4,1,7,7.726861484510028,4.471941265658732,0.4099873393192892,-0.10522940172456807,12.608790089488089
1629618,2025-04-13,DEN,HOU,False,6.3240869331396565,2.4189416673966977,2.946996664006463,1.1741165540750984,11.690025264542806,0,1,1,0,2,6.3240869331396565,1.4189416673966977,1.946996664006463,1.1741165540750984,9.690025264542806
1629626,2025-04-13,PHX,SAC,False,4.344737580710283,1.7088482472902702,0.675148282688687,0.5579745412635502,6.728734110689148,0,0,0,0,0,4.344737580710283,1.7088482472902702,0.675148282688687,0.5579745412635502,6.728734110689148
1629632,2025-04-13,CHI,PHI,False,23.49151946287595,4.574341625744218,4.481049205782419,2.6574359586664507,32.54691029440245,2,4,4,0,10,21.49151946287595,0.5743416257442178,0.48104920578241916,2.6574359586664507,22.54691029440245
1629638,2025-04-13,MIN,UTA,True,10.22753224879749,3.165995016210576,3.323510680463928,1.5062419922957346,16.717037945471994,9,5,7,2,21,1.2275322487974893,-1.834004983789424,-3.676489319536072,-0.49375800770426537,-4.2829620545280065
1629640,2025-04-13,SAS,TOR,True,13.34620762488452,6.005206862877222,2.526382169229571,0.9298196735057372,21.87779665699127,23,9,0,1,32,-9.65379237511548,-2.9947931371227776,2.526382169229571,-0.07018032649426276,-10.122203343008731
1629643,2025-04-13,CLE,IND,True,4.846766404557119,4.119995536740352,1.2964795784408407,0.8452201797870382,10.263241519738433,3,4,2,1,9,1.846766404557119,0.11999553674035202,-0.7035204215591593,-0.15477982021296177,1.2632415197384326
1629651,2025-04-13,BKN,NYK,True,10.669630484178793,6.469645612837228,2.1714223870096907,0.4755210035500358,19.310698484025803,12,2,0,0,14,-1.3303695158212072,4.469645612837228,2.1714223870096907,0.4755210035500358,5.310698484025803
1629655,2025-04-13,DAL,MEM,False,9.991170579340263,6.7969250789593785,1.6280200975226569,0.1490983781626917,18.41611575582224,20,7,1,0,28,-10.008829420659737,-0.20307492104062153,0.6280200975226569,0.1490983781626917,-9.58388424417776
1629656,2025-04-13,PHI,CHI,True,21.74208408020576,4.499686203964462,5.510679300231211,2.980196643460478,31.752449584401337,8,7,4,0,19,13.74208408020576,-2.500313796035538,1.510679300231211,2.980196643460478,12.752449584401337
1629659,2025-04-13,CHI,PHI,False,10.69865477537818,2.5104959295858773,2.020851612037709,0.905726903432144,15.230002317001755,17,3,6,0,26,-6.301345224621819,-0.4895040704141227,-3.979148387962291,0.905726903432144,-10.769997682998245
1629674,2025-04-13,BOS,CHA,True,6.437591828084379,3.330350031581601,1.1964274827383132,0.2682278950306439,10.964369342404304,2,6,4,0,12,4.437591828084379,-2.669649968418399,-2.8035725172616868,0.2682278950306439,-1.0356306575956964
1629675,2025-04-13,MIN,UTA,True,11.537407832983003,4.781722816429428,2.7042646155657373,1.5768588742069027,19.023395264978237,11,8,2,0,21,0.5374078329830034,-3.2182771835705717,0.7042646155657373,1.5768588742069027,-1.9766047350217626
1629680,2025-04-13,POR,LAL,True,8.630141474221702,3.4307287701806706,2.1339032635843544,1.5791104983145074,14.194773507986778,15,5,2,3,22,-6.369858525778298,-1.5692712298193294,0.13390326358435445,-1.4208895016854926,-7.805226492013222
1629723,2025-04-13,MEM,DAL,True,3.2749491201879257,2.876344885761169,0.6863530734351759,0.6291196625191022,6.8376470793842055,2,7,3,0,12,1.2749491201879257,-4.123655114238831,-2.3136469265648243,0.6291196625191022,-5.1623529206157945
1629726,2025-04-13,ATL,ORL,True,4.607043605431867,1.71200179893182,0.6094989921758422,1.0791489711551807,6.928544396539432,12,4,1,3,17,-7.392956394568133,-2.28799820106818,-0.39050100782415775,-1.9208510288448193,-10.071455603460567
1629750,2025-04-13,CLE,IND,True,2.957846358050425,2.45242362481981,0.6205147105588877,0.2706109985279367,6.030784693429089,8,3,2,0,13,-5.042153641949575,-0.5475763751801899,-1.3794852894411123,0.2706109985279367,-6.969215306570911
1630162,2025-04-13,MIN,UTA,True,23.23099089539268,4.656332615295761,4.3392630704818025,3.223613071516862,32.226586581170324,43,6,5,7,54,-19.76900910460732,-1.343667384704239,-0.6607369295181975,-3.776386928483138,-21.773413418829676
1630167,2025-04-13,IND,CLE,False,11.334446417102363,4.27828427003141,2.411201333326872,1.5976225767735623,18.02393202046067,7,3,0,1,10,4.334446417102363,1.2782842700314099,2.411201333326872,0.5976225767735623,8.02393202046067
1630172,2025-04-13,CHI,PHI,False,8.890090177857179,3.0150470715405504,1.7807814079607942,1.4335893161610227,13.685918657358553,15,6,4,3,25,-6.109909822142821,-2.9849529284594496,-2.219218592039206,-1.5664106838389773,-11.314081342641447
1630173,2025-04-13,NYK,BKN,False,7.792825295696028,5.305193646672694,1.156317828491867,0.3770851453522171,14.254336770860595,18,9,2,0,29,-10.207174704303972,-3.694806353327306,-0.8436821715081331,0.3770851453522171,-14.745663229139405
1630174,2025-04-13,IND,CLE,False,14.119279244837289,4.85937663311173,1.1489544620871734,2.0756538661868738,20.12761034003614,10,4,1,1,15,4.119279244837289,0.8593766331117303,0.14895446208717344,1.0756538661868738,5.127610340036139
1630175,2025-04-13,ORL,ATL,False,9.965691051164471,3.0939937656573218,2.793277777063077,1.5617745010963235,15.852962593884849,2,0,3,0,5,7.965691051164471,3.0939937656573218,-0.20672222293692322,1.5617745010963235,10.852962593884849
1630183,2025-04-13,MIN,UTA,True,10.45809672449584,4.5353093558882165,1.6429978853818272,0.8619906278604667,16.636403965765922,8,2,0,0,10,2.4580967244958405,2.5353093558882165,1.6429978853818272,0.8619906278604667,6.636403965765922
1630188,2025-04-13,CHI,PHI,False,6.398183191908991,5.199417067981997,1.1500317908561415,0.4333194926170561,12.747632050747091,12,10,2,1,24,-5.601816808091009,-4.800582932018003,-0.8499682091438585,-0.566680507382944,-11.252367949252909
1630192,2025-04-13,DEN,HOU,False,4.357704569625171,1.6513346147272634,0.9570261180429154,0.62508460630605,6.966065302395309,1,1,0,0,2,3.357704569625171,0.6513346147272634,0.9570261180429154,0.62508460630605,4.966065302395309
1630194,2025-04-13,DET,MIL,False,3.885852387381644,3.2364000084488422,0.8060749456676943,0.3192918254467823,7.928327341498193,8,6,5,0,19,-4.114147612618356,-2.7635999915511578,-4.193925054332306,0.3192918254467823,-11.071672658501807
1630198,2025-04-13,OKC,NOP,False,12.342336650641537,2.758229229062355,2.7907404970907965,3.164984761638713,17.89130637679464,17,6,1,2,24,-4.657663349358463,-3.241770770937645,1.7907404970907965,1.164984761638713,-6.108693623205362
1630202,2025-04-13,BOS,CHA,True,13.37718148787486,3.9900331745422553,3.864930983965993,2.16607225486878,21.23214564638304,34,7,7,4,48,-20.62281851212514,-3.0099668254577447,-3.135069016034007,-1.83392774513122,-26.76785435361696
1630205,2025-04-13,MEM,DAL,True,2.2846899388957063,1.571938315490099,0.3005864407888458,0.2437997222466094,4.157214695174588,31,6,3,2,40,-28.715310061104294,-4.428061684509901,-2.699413559211154,-1.7562002777533907,-35.84278530482541
1630215,2025-04-13,PHI,CHI,True,14.907629131909392,2.870776682546825,5.248935291370836,2.435319040210961,23.027341105827087,19,1,5,1,25,-4.092370868090608,1.870776682546825,0.24893529137083625,1.435319040210961,-1.9726588941729126
1630224,2025-04-13,HOU,DEN,True,17.75098855364542,3.879743830766772,3.611963730555032,2.047942509944124,25.242696114967156,2,2,2,0,6,15.75098855364542,1.8797438307667722,1.6119637305550318,2.047942509944124,19.242696114967156
1630230,2025-04-13,DAL,MEM,False,14.989948637619468,4.361965430757127,3.7762599835561215,0.999206730278346,23.128174051932643,11,3,2,1,16,3.9899486376194684,1.3619654307571274,1.7762599835561215,-0.0007932697216540552,7.128174051932643
1630249,2025-04-13,ATL,ORL,True,7.592115100994843,2.7140352216393997,1.509591250778115,1.6207514179580005,11.815741573412389,13,7,7,2,27,-5.407884899005157,-4.285964778360601,-5.490408749221885,-0.3792485820419995,-15.184258426587611
1630283,2025-04-13,NOP,OKC,True,5.238845815477409,4.157363092669419,0.892944683525037,0.3131382370148217,10.289153591671743,3,5,1,0,9,2.2388458154774087,-0.842636907330581,-0.10705531647496302,0.3131382370148217,1.2891535916717434
1630314,2025-04-13,DAL,MEM,False,15.366297323190416,3.1002541671642447,3.902384858314124,1.2421684073334238,22.36893634866876,0,4,0,0,4,15.366297323190416,-0.8997458328357553,3.902384858314124,1.2421684073334238,18.36893634866876
1630322,2025-04-13,DET,MIL,False,3.691459049571728,1.4182312414533826,1.1400335815947984,0.8677965223095516,6.249723872619851,18,6,1,6,25,-14.308540950428272,-4.581768758546618,0.1400335815947984,-5.132203477690449,-18.750276127380147
1630526,2025-04-13,NOP,OKC,True,10.627199958486557,5.829196382926703,2.3536585334513767,1.447914862785236,18.81005487486463,10,16,5,1,31,0.6271999584865569,-10.170803617073297,-2.6463414665486233,0.44791486278523607,-12.18994512513537
1630528,2025-04-13,MIA,WAS,True,2.1077566081149195,1.1811165343498022,0.5896107325395469,0.2846697422353678,3.8784838750042807,17,3,3,1,23,-14.892243391885081,-1.8188834656501978,-2.4103892674604532,-0.7153302577646322,-19.12151612499572
1630531,2025-04-13,UTA,MIN,False,6.916475305570058,3.671399893761265,1.9443394908485367,0.8029916982034572,12.532214690179778,0,2,0,0,2,6.916475305570058,1.671399893761265,1.9443394908485367,0.8029916982034572,10.532214690179778
1630534,2025-04-13,TOR,SAS,False,12.540824067721,4.496860382441471,1.9786986765217516,2.050745187133933,19.016383126684232,14,2,1,2,17,-1.4591759322790008,2.4968603824414712,0.9786986765217516,0.050745187133932834,2.0163831266842323
1630539,2025-04-13,DAL,MEM,False,10.76763195138298,6.122949888281044,1.4771069500592433,0.2065538011736029,18.3676887897233,11,8,2,0,21,-0.23236804861702076,-1.8770501117189564,-0.5228930499407567,0.2065538011736029,-2.6323112102767006
1630540,2025-04-13,NYK,BKN,False,10.899979892957868,2.1640998545668446,3.366277573340659,2.1835100404451144,16.43035732086531,17,4,8,3,29,-6.100020107042132,-1.8359001454331554,-4.633722426659341,-0.8164899595548856,-12.569642679134692
1630541,2025-04-13,GSW,LAC,True,8.752170300617584,3.0737792861048145,1.232414589620083,1.5824074089147189,13.058364176342444,4,0,2,0,6,4.752170300617584,3.0737792861048145,-0.7675854103799169,1.5824074089147189,7.058364176342444
1630542,2025-04-13,PHI,CHI,True,8.725683954586824,6.42571958813534,1.60297781323104,0.9723541734995134,16.75438135595312,10,15,1,0,26,-1.2743160454131761,-8.57428041186466,0.6029778132310399,0.9723541734995134,-9.245618644046878
1630548,2025-04-13,UTA,MIN,False,12.41337471892354,3.5059187325618337,2.101507454205482,2.5301132231861043,18.02080090569092,15,2,1,3,18,-2.5866252810764596,1.5059187325618337,1.101507454205482,-0.4698867768138957,0.02080090569091908
1630551,2025-04-13,WAS,MIA,False,13.730364038819785,9.29300475755261,1.3069774528568363,1.4696618101956416,24.330346249229294,27,4,2,5,33,-13.269635961180215,5.293004757552611,-0.6930225471431637,-3.5303381898043584,-8.669653750770706
1630553,2025-04-13,BKN,NYK,True,13.42598301616399,3.3278187322639363,3.4106247365784883,1.886300381979051,20.16442648500642,14,9,4,1,27,-0.5740169838360103,-5.672181267736064,-0.5893752634215117,0.8863003819790509,-6.83557351499358
1630558,2025-04-13,MIA,WAS,True,13.168063311184948,2.784099921460497,5.803819879836334,1.750703893383478,21.75598311248189,4,4,8,0,16,9.168063311184948,-1.2159000785395029,-2.1961801201636657,1.750703893383478,5.755983112481889
1630567,2025-04-13,TOR,SAS,False,16.550868852397066,6.922721021601117,4.800706548998912,1.000268993303421,28.27429642299717,35,11,8,2,54,-18.449131147602934,-4.077278978398883,-3.199293451001088,-0.999731006696579,-25.72570357700283
1630570,2025-04-13,BKN,NYK,True,12.651250511032917,4.810409580243732,3.642150525011836,1.0096158291888258,21.103810616288484,20,7,4,1,31,-7.3487494889670835,-2.189590419756268,-0.3578494749881642,0.009615829188825753,-9.896189383711516
1630572,2025-04-13,SAS,TOR,True,9.491620426996706,5.296397805618648,1.541607905357981,1.0026767640818823,16.329626137973296,12,4,4,0,20,-2.5083795730032943,1.296397805618648,-2.458392094642019,1.0026767640818823,-3.670373862026704
1630573,2025-04-13,BOS,CHA,True,10.956688538753378,3.34680150635862,1.1616115519876975,2.7476340514417914,15.465101597099608,15,2,1,4,18,-4.043311461246622,1.34680150635862,0.1616115519876975,-1.2523659485582086,-2.5348984029003923
1630577,2025-04-13,SAS,TOR,True,12.064222902753697,3.972275358371309,1.7019329241601653,2.55499710898795,17.73843118528515,14,6,1,4,21,-1.9357770972463033,-2.027724641628691,0.7019329241601653,-1.44500289101205,-3.261568814714849
1630578,2025-04-13,HOU,DEN,True,19.43405368818473,9.655408153689772,4.7177787885237015,0.3576801831009513,33.80724063039825,14,5,4,0,23,5.434053688184729,4.655408153689772,0.7177787885237015,0.3576801831009513,10.807240630398248
1630592,2025-04-13,BKN,NYK,True,11.781301400381144,4.768874528341303,2.2197118486892347,2.1444295089575207,18.769887777411626,18,4,4,5,26,-6.218698599618856,0.7688745283413034,-1.7802881513107653,-2.8555704910424793,-7.2301122225883745
1630598,2025-04-13,OKC,NOP,False,14.368389248615268,4.590640606968274,2.439181191342209,1.8818872092822316,21.3982110469258,28,7,7,2,42,-13.631610751384732,-2.4093593930317256,-4.560818808657791,-0.11811279071776837,-20.6017889530742
1630600,2025-04-13,CLE,IND,True,4.116617079461001,1.8000467263208204,0.8932318778808417,0.5188625233741476,6.809895683662662,6,4,5,1,15,-1.883382920538999,-2.1999532736791796,-4.106768122119158,-0.4811374766258524,-8.190104316337338
1630604,2025-04-13,CHI,PHI,False,2.765272063856628,1.4348530415103915,0.4853586927417153,0.3538561837572361,4.685483798108732,0,0,0,0,0,2.765272063856628,1.4348530415103915,0.4853586927417153,0.3538561837572361,4.685483798108732
1630623,2025-04-13,BKN,NYK,True,7.537392558774904,1.4975640065623126,1.6776113252656264,1.7753951588083932,10.71256789060286,5,0,1,1,6,2.537392558774904,1.4975640065623126,0.6776113252656264,0.7753951588083932,4.712567890602861
1630625,2025-04-13,POR,LAL,True,11.835860149841505,3.520177338433646,3.868443991133373,1.3330013747090044,19.22448147940866,23,5,7,4,35,-11.164139850158495,-1.4798226615663541,-3.131556008866627,-2.6669986252909954,-15.77551852059134
1630631,2025-04-13,NOP,OKC,True,12.860594414309723,2.808804676033695,4.337123557154033,2.0436231913462977,20.00652264749746,14,3,4,1,21,-1.1394055856902767,-0.1911953239663049,0.3371235571540332,1.0436231913462977,-0.9934773525025413
1630639,2025-04-13,TOR,SAS,False,10.549359885484604,4.738868285075293,2.289260137253096,1.129984577813549,17.577488307813,14,0,0,1,14,-3.450640114515396,4.738868285075293,2.289260137253096,0.1299845778135491,3.577488307812999
1630643,2025-04-13,MEM,DAL,True,4.005930927874206,1.3966765788183115,0.36480689798944,0.6532730342789383,5.7674144046818725,22,6,2,2,30,-17.994069072125793,-4.603323421181688,-1.6351931020105601,-1.3467269657210617,-24.232585595318128
1630649,2025-04-13,MIL,DET,True,2.1590104339992147,1.343095731912228,0.4430430011777092,0.2919517525601397,3.9451491670891303,0,0,1,0,1,2.1590104339992147,1.343095731912228,-0.5569569988222909,0.2919517525601397,2.9451491670891303
1630658,2025-04-13,PHI,CHI,True,7.751492063311078,6.726498956467573,1.5963205582343871,0.2570234582405996,16.074311578012953,10,2,0,0,12,-2.248507936688922,4.726498956467573,1.5963205582343871,0.2570234582405996,4.074311578012953
1630692,2025-04-13,LAL,POR,False,4.500822310907328,3.630794536343533,1.4667251353809978,0.7154582041716931,9.598341982631824,12,7,4,2,23,-7.499177689092672,-3.369205463656467,-2.533274864619002,-1.2845417958283067,-13.401658017368176
1630695,2025-04-13,UTA,MIN,False,5.657933109743304,5.284082461868562,0.7815172793274844,0.6429808200614522,11.723532850939383,7,5,4,1,16,-1.342066890256696,0.2840824618685618,-3.2184827206725157,-0.3570191799385478,-4.2764671490606165
1630699,2025-04-13,NYK,BKN,False,3.3259832325308705,1.757952586204996,0.6788121643473648,0.363998662116377,5.762747983083242,4,4,1,0,9,-0.6740167674691295,-2.242047413795004,-0.3211878356526352,0.363998662116377,-3.2372520169167576
1630702,2025-04-13,DAL,MEM,False,10.243459870800622,1.6979761859563998,1.665821193772736,1.4727424292019242,13.607257250529711,17,4,3,2,24,-6.756540129199378,-2.3020238140436002,-1.334178806227264,-0.5272575707980758,-10.392742749470289
1630811,2025-04-13,ATL,ORL,True,3.953041600909818,1.1052726449904904,1.9798624712384052,0.653003848296601,7.038176717138596,15,11,15,1,41,-11.046958399090181,-9.89472735500951,-13.020137528761595,-0.34699615170339904,-33.9618232828614
1631099,2025-04-13,SAC,PHX,True,12.029410203083533,5.509471522816938,1.287876110941106,2.223182641066858,18.8267578368416,6,7,2,0,15,6.029410203083533,-1.4905284771830623,-0.7121238890588939,2.223182641066858,3.826757836841601
1631102,2025-04-13,PHX,SAC,False,2.4147906368752485,0.9751922388797988,0.9181348984156612,0.3043838900140834,4.308117774170684,2,1,1,0,4,0.41479063687524853,-0.02480776112020122,-0.0818651015843388,0.3043838900140834,0.3081177741706842
1631103,2025-04-13,SAS,TOR,True,9.781176099593532,2.15783606213547,1.8549422421295367,1.2738076505028593,13.793954403858576,11,3,0,1,14,-1.218823900406468,-0.8421639378645298,1.8549422421295367,0.27380765050285927,-0.20604559614142381
1631104,2025-04-13,SAS,TOR,True,7.769688773915134,2.939533115092039,2.587687210279431,0.9222540761223192,13.296909099286596,8,1,4,0,13,-0.23031122608486587,1.939533115092039,-1.412312789720569,0.9222540761223192,0.29690909928659615
1631105,2025-04-13,DET,MIL,False,15.42267055926586,11.317830610394113,3.7172547743406295,0.2229481115129762,30.45775594400062,4,1,2,0,7,11.42267055926586,10.317830610394113,1.7172547743406295,0.2229481115129762,23.45775594400062
1631106,2025-04-13,HOU,DEN,True,10.807223907117454,5.861845672444983,1.9493865433145643,0.9697752242034549,18.618456122876957,8,7,3,0,18,2.8072239071174536,-1.138154327555017,-1.0506134566854357,0.9697752242034549,0.6184561228769567
1631108,2025-04-13,DAL,MEM,False,10.511209425340724,3.623403185186869,1.8230050556950863,1.5558029224069183,15.957617666222758,14,5,2,0,21,-3.4887905746592764,-1.376596814813131,-0.1769949443049137,1.5558029224069183,-5.042382333777242
1631111,2025-04-13,CHA,BOS,False,5.434868914047896,3.039826027121744,1.403894500432636,0.6231708981953737,9.878589441602376,8,3,2,2,13,-2.565131085952104,0.0398260271217441,-0.596105499567364,-1.3768291018046264,-3.121410558397624
1631119,2025-04-13,OKC,NOP,False,9.457034040468503,5.944957050935093,3.427071080779105,1.691870096712758,18.82906217218267,0,2,0,0,2,9.457034040468503,3.944957050935093,3.427071080779105,1.691870096712758,16.82906217218267
1631120,2025-04-13,BOS,CHA,True,2.7990308672942907,1.5709622011938809,1.0199042226932706,0.3138913404555727,5.389897291181391,9,1,4,1,14,-6.200969132705709,0.5709622011938809,-2.9800957773067296,-0.6861086595444272,-8.610102708818609
1631123,2025-04-13,MIL,DET,True,2.319479871761128,1.6982666132948483,1.132565513855905,0.2381439987133258,5.150311998911958,15,3,7,1,25,-12.680520128238872,-1.3017333867051517,-5.867434486144095,-0.7618560012866742,-19.84968800108804
1631124,2025-04-13,DEN,HOU,False,5.523550066166511,2.216400460468716,0.7959197683433249,0.7625327193455229,8.535870294978647,9,0,1,0,10,-3.4764499338334893,2.216400460468716,-0.2040802316566751,0.7625327193455229,-1.464129705021353
1631128,2025-04-13,DEN,HOU,False,17.50290429990583,5.818965745299711,3.520871830637081,1.6447770893478388,26.84274187584279,11,7,6,0,24,6.502904299905829,-1.1810342547002888,-2.479128169362919,1.6447770893478388,2.8427418758427905
1631131,2025-04-13,UTA,MIN,False,8.533925150473067,8.97197699284313,0.9013471439961496,0.0440960999769508,18.407249287312485,18,12,2,0,32,-9.466074849526933,-3.02802300715687,-1.0986528560038504,0.0440960999769508,-13.592750712687515
1631132,2025-04-13,LAL,POR,False,3.2029006941964817,2.626798065511996,0.427211749589346,0.0798885500698815,6.256910509297841,4,8,0,0,12,-0.7970993058035183,-5.373201934488004,0.427211749589346,0.0798885500698815,-5.743089490702159
1631133,2025-04-13,POR,LAL,True,8.696148525956433,4.582508675816308,1.130515199212216,0.7272501359233291,14.409172400985018,10,2,1,0,13,-1.303851474043567,2.5825086758163076,0.130515199212216,0.7272501359233291,1.4091724009850175
1631165,2025-04-13,SAC,PHX,True,7.98647986923833,3.2128212773733056,1.681532314436878,1.9128359909294104,12.880833461048582,9,2,3,1,14,-1.0135201307616697,1.2128212773733056,-1.318467685563122,0.9128359909294104,-1.1191665389514185
1631166,2025-04-13,BKN,NYK,True,13.2107877566613,7.357697894657465,2.5194793595615894,1.1706853244537192,23.08796501088036,11,8,2,1,21,2.2107877566613006,-0.6423021053425346,0.5194793595615894,0.1706853244537192,2.0879650108803602
1631170,2025-04-13,MIA,WAS,True,5.844003233586976,3.444008323303181,2.270091893066511,0.5253044254567543,11.558103449956668,41,10,7,2,58,-35.155996766413026,-6.555991676696819,-4.72990810693349,-1.4746955745432457,-46.44189655004333
1631199,2025-04-13,TOR,SAS,False,1.4281444889915211,0.6730296333623339,1.126597719531222,0.2253172318841597,3.227771841885081,4,7,2,0,13,-2.571855511008479,-6.326970366637666,-0.873402280468778,0.2253172318841597,-9.772228158114919
1631200,2025-04-13,POR,LAL,True,7.802117584694612,3.975221380563254,2.2882673021850435,0.8884730172198966,14.06560626744304,10,11,3,1,24,-2.197882415305388,-7.024778619436746,-0.7117326978149565,-0.11152698278010342,-9.93439373255696
1631204,2025-04-13,DET,MIL,False,8.529045830220886,1.8916239172771223,2.2189270110510977,1.3312495205010983,12.639596758549056,18,1,10,1,29,-9.470954169779114,0.8916239172771223,-7.781072988948902,0.33124952050109835,-16.360403241450946
1631207,2025-04-13,CHI,PHI,False,6.779976881524412,2.901427226433185,2.0737900493633927,1.199509653082864,11.75519415732101,6,3,1,0,10,0.7799768815244121,-0.09857277356681493,1.0737900493633927,1.199509653082864,1.7551941573210108
1631210,2025-04-13,NYK,BKN,False,1.4221243268805113,1.3764289233660305,0.414092447427343,0.1449009913633877,3.212645697673903,17,4,2,5,23,-15.57787567311949,-2.6235710766339695,-1.585907552572657,-4.855099008636612,-19.787354302326097
1631212,2025-04-13,DEN,HOU,False,8.600088938761287,4.098808643294847,0.9789496124595416,0.6067346244206417,13.677847194515866,9,4,0,2,13,-0.3999110612387131,0.09880864329484673,0.9789496124595416,-1.3932653755793583,0.6778471945158664
1631213,2025-04-13,BKN,NYK,True,8.723813759165305,3.199541838494224,3.0765449102709788,1.5706478424875123,14.999900507930525,20,7,1,2,28,-11.276186240834695,-3.800458161505776,2.0765449102709788,-0.4293521575124877,-13.000099492069475
1631216,2025-04-13,ORL,ATL,False,8.299799550568984,2.818631477230113,1.6020576532001884,1.9788977477455116,12.72048868099926,13,5,3,2,21,-4.700200449431016,-2.181368522769887,-1.3979423467998116,-0.021102252254488363,-8.27951131900074
1631217,2025-04-13,CHA,BOS,False,8.968661258211771,5.276622613579003,1.0228243460293198,0.2377373789596152,15.26810821782009,10,9,0,0,19,-1.031338741788229,-3.7233773864209967,1.0228243460293198,0.2377373789596152,-3.7318917821799094
1631221,2025-04-13,PHX,SAC,False,9.915263752818568,3.761753275426667,3.17984794701369,1.973483160493616,16.8568649752589,12,3,3,3,18,-2.084736247181432,0.7617532754266669,0.17984794701368978,-1.026516839506384,-1.143135024741099
1631223,2025-04-13,HOU,DEN,True,5.884798241045805,3.444606644244393,1.3427385280618944,0.5996177232836372,10.6721434133521,4,1,0,0,5,1.8847982410458046,2.444606644244393,1.3427385280618944,0.5996177232836372,5.672143413352099
1631230,2025-04-13,ATL,ORL,True,3.436390648405783,2.7706706726235018,0.6509074164504596,0.1532185552856708,6.857968737479786,15,5,1,0,21,-11.563609351594216,-2.2293293273764982,-0.3490925835495404,0.1532185552856708,-14.142031262520213
1631232,2025-04-13,NOP,OKC,True,12.85855437903222,4.986917657451794,1.3836470078786762,1.4683693977062056,19.22911904436276,15,6,2,1,23,-2.1414456209677795,-1.0130823425482056,-0.6163529921213238,0.46836939770620556,-3.7708809556372387
1631243,2025-04-13,ATL,ORL,True,8.544660182285734,7.04611970998312,1.5300722075742237,0.6756182433683198,17.120852099843006,3,4,0,1,7,5.5446601822857335,3.0461197099831203,1.5300722075742237,-0.32438175663168023,10.120852099843006
1631245,2025-04-13,IND,CLE,False,6.068008475259596,1.8352955233301351,2.388538642632586,0.9329682215246516,10.29184264122232,21,6,2,0,29,-14.931991524740404,-4.164704476669865,0.38853864263258586,0.9329682215246516,-18.70815735877768
1631246,2025-04-13,MEM,DAL,True,5.744438959715915,2.9455126785980683,1.579550316652185,0.9053198653107682,10.269501954966152,12,11,5,2,28,-6.255561040284085,-8.054487321401933,-3.4204496833478153,-1.0946801346892316,-17.730498045033848
1631247,2025-04-13,CLE,IND,True,1.3361300098285356,1.310550258713116,0.5162669569060956,0.1562597497462634,3.162947225447753,4,8,2,0,14,-2.6638699901714644,-6.689449741286884,-1.4837330430939044,0.1562597497462634,-10.837052774552248
1631248,2025-04-13,BOS,CHA,True,6.176610090823125,3.0252952218790856,1.6874609754846015,1.2162670203187378,10.88936628818672,7,7,2,2,16,-0.8233899091768748,-3.9747047781209144,-0.3125390245153985,-0.7837329796812622,-5.11063371181328
1631250,2025-04-13,MIL,DET,True,2.9938377055454515,1.9197269955595764,0.7269550212811295,0.4410469605215264,5.640519722386145,19,6,5,5,30,-16.006162294454548,-4.080273004440423,-4.27304497871887,-4.558953039478474,-24.359480277613855
1631260,2025-04-13,MIL,DET,True,7.453085460006796,3.0171369361512985,1.5293203993012532,2.042223024077233,11.999542795459426,6,3,4,2,13,1.453085460006796,0.01713693615129852,-2.470679600698747,0.042223024077232996,-1.0004572045405737
1631288,2025-04-13,NOP,OKC,True,11.482566531079655,3.996823077232726,1.470373205010211,1.431116398582449,16.949762813322813,18,4,1,1,23,-6.517433468920345,-0.003176922767273993,0.47037320501021096,0.4311163985824491,-6.050237186677187
1631301,2025-04-13,CHA,BOS,False,6.865851176400295,1.5152424408310112,2.0251823242044105,1.023703522665492,10.406275941435702,12,1,2,2,15,-5.134148823599705,0.5152424408310112,0.025182324204410467,-0.976296477334508,-4.593724058564298
1631303,2025-04-13,POR,LAL,True,3.381925049467472,1.513756566585594,0.8401158972412726,0.4245406091648734,5.73579751329439,5,3,2,1,10,-1.6180749505325278,-1.486243433414406,-1.1598841027587274,-0.5754593908351266,-4.26420248670561
1631311,2025-04-13,NOP,OKC,True,9.225949347759288,2.42204195532176,2.5135369568526613,1.456684375663236,14.161528259933712,17,5,6,2,28,-7.774050652240712,-2.57795804467824,-3.4864630431473387,-0.5433156243367641,-13.838471740066288
1631321,2025-04-13,POR,LAL,True,4.089140359487799,2.4272405492723976,1.3126407483766305,0.3802348618277654,7.829021657136851,7,2,4,0,13,-2.910859640512201,0.42724054927239763,-2.6873592516233695,0.3802348618277654,-5.170978342863149
1631323,2025-04-13,DET,MIL,False,3.323470578103323,1.8381481188315567,0.4153829599896689,0.5870354174713365,5.577001656924571,15,3,2,4,20,-11.676529421896678,-1.1618518811684433,-1.5846170400103312,-3.4129645825286636,-14.42299834307543
1631342,2025-04-13,ATL,ORL,True,4.369243273781819,1.4205136488747965,0.1754951580239823,0.8788381983162564,5.965252080680696,17,4,2,3,23,-12.63075672621818,-2.5794863511252037,-1.8245048419760177,-2.1211618016837437,-17.034747919319305
1631466,2025-04-13,HOU,DEN,True,5.4175919873152125,1.835242627465401,1.1097378713527035,0.6540550319807745,8.362572486133317,7,4,2,1,13,-1.5824080126847875,-2.164757372534599,-0.8902621286472965,-0.3459449680192255,-4.637427513866683
1641708,2025-04-13,HOU,DEN,True,15.337732056752412,7.224648026200225,5.055237954861569,0.740327503703387,27.617618037814086,15,6,6,0,27,0.3377320567524116,1.2246480262002253,-0.9447620451384307,0.740327503703387,0.6176180378140863
1641710,2025-04-13,ORL,ATL,False,12.516420624762164,4.059275322964312,3.385775176719633,1.1892487084592915,19.96147112444601,20,10,2,3,32,-7.483579375237836,-5.940724677035688,1.385775176719633,-1.8107512915407085,-12.03852887555399
1641712,2025-04-13,POR,LAL,True,8.454590439286813,3.028281893701477,1.5564211856645338,0.864560958433991,13.039293518652906,13,10,1,2,24,-4.545409560713187,-6.971718106298523,0.5564211856645338,-1.1354390415660092,-10.960706481347094
1641713,2025-04-13,MEM,DAL,True,4.161243218883423,2.4770468246465587,0.440283325908644,0.6612519807224748,7.078573369438583,5,4,3,1,12,-0.8387567811165768,-1.5229531753534413,-2.559716674091356,-0.3387480192775252,-4.921426630561417
1641715,2025-04-13,HOU,DEN,True,11.799287414739288,3.617311728536908,2.0204302665238187,1.6269739816436493,17.437029409799962,10,2,1,2,13,1.7992874147392879,1.617311728536908,1.0204302665238187,-0.37302601835635074,4.437029409799962
1641716,2025-04-13,IND,CLE,False,11.034000934678732,4.4926877146587065,2.3191070415393558,1.956556139363035,17.845795690876855,11,8,5,1,24,0.034000934678731554,-3.5073122853412935,-2.6808929584606442,0.9565561393630351,-6.154204309123145
1641718,2025-04-13,UTA,MIN,False,16.10102241289969,3.5933776530145503,4.4183558130402885,2.3833295800271324,24.11275587895461,14,5,7,0,26,2.1010224128996917,-1.4066223469854497,-2.5816441869597115,2.3833295800271324,-1.8872441210453914
1641720,2025-04-13,PHI,CHI,True,8.8093264635136,2.610935702097635,3.088020889288532,1.1927949920130316,14.50828305489966,7,2,3,1,12,1.8093264635135995,0.6109357020976351,0.08802088928853191,0.19279499201303163,2.5082830548996604
1641724,2025-04-13,ORL,ATL,False,6.205698679102197,2.000389282747559,1.1211319456732285,0.9109781772983112,9.32721990752301,16,1,1,2,18,-9.794301320897803,1.000389282747559,0.12113194567322849,-1.0890218227016888,-8.67278009247699
1641725,2025-04-13,DEN,HOU,False,2.9961665857990525,1.3607714450337776,0.8315619785899269,0.3334664417018652,5.188500009422716,2,1,0,0,3,0.9961665857990525,0.36077144503377756,0.8315619785899269,0.3334664417018652,2.1885000094227163
1641727,2025-04-13,BKN,NYK,True,7.615687457584328,2.393263744482102,1.3498736147153432,1.8844444259317616,11.358824816781883,3,1,0,1,4,4.615687457584328,1.3932637444821019,1.3498736147153432,0.8844444259317616,7.358824816781883
1641729,2025-04-13,UTA,MIN,False,14.784144053456762,4.084561383982746,3.0807005596542494,3.169676599026724,21.949405997093827,22,7,3,6,32,-7.215855946543238,-2.915438616017254,0.08070055965424938,-2.830323400973276,-10.050594002906173
1641732,2025-04-13,WAS,MIA,False,9.200884556372673,4.7790072207943535,2.6944043994049887,1.076482862519595,16.674296176572053,20,10,4,0,34,-10.799115443627327,-5.2209927792056465,-1.3055956005950113,1.076482862519595,-17.325703823427947
1641734,2025-04-13,CLE,IND,True,2.519694713216728,0.6807152431261256,0.975746110840386,0.5661784550367046,4.17615606718323,25,6,2,7,33,-22.48030528678327,-5.319284756873874,-1.024253889159614,-6.433821544963296,-28.82384393281677
1641737,2025-04-13,PHI,CHI,True,14.134434197050307,8.147426054962914,1.4773765069895104,0.3090960402459177,23.75923675900276,16,9,0,0,25,-1.8655658029496927,-0.8525739450370864,1.4773765069895104,0.3090960402459177,-1.2407632409972393
1641739,2025-04-13,POR,LAL,True,13.676012745150562,5.069124570974203,2.429952972152244,2.1441835196077133,21.17509028827701,14,6,4,4,24,-0.32398725484943824,-0.9308754290257966,-1.5700470278477558,-1.8558164803922867,-2.8249097117229915
1641740,2025-04-13,MIN,UTA,True,4.873126973422487,2.151267803756508,0.9737217444389008,0.5465385770615225,7.998116521617895,0,0,0,0,0,4.873126973422487,2.151267803756508,0.9737217444389008,0.5465385770615225,7.998116521617895
1641741,2025-04-13,PHI,CHI,True,10.654289102452918,5.613283518162622,2.394530952053102,0.8707137233530172,18.662103572668546,5,4,0,1,9,5.654289102452918,1.6132835181626222,2.394530952053102,-0.12928627664698278,9.662103572668546
1641745,2025-04-13,OKC,NOP,False,5.688352228866618,2.723278497823249,1.768565687828207,0.9581992623513838,10.18019641451808,2,1,0,0,3,3.688352228866618,1.723278497823249,1.768565687828207,0.9581992623513838,7.180196414518081
1641748,2025-04-13,MIL,DET,True,2.6274026172333658,1.8766453713059104,0.6249174773662511,0.1718342993930478,5.128965465905562,9,3,4,1,16,-6.372597382766634,-1.1233546286940896,-3.3750825226337486,-0.8281657006069522,-10.871034534094438
1641752,2025-04-13,DET,MIL,False,1.0935287969042735,1.14090102552107,0.3572303005396646,0.148061625799089,2.59166012296501,15,3,6,2,24,-13.906471203095727,-1.85909897447893,-5.642769699460335,-1.851938374200911,-21.40833987703499
1641753,2025-04-13,MIL,DET,True,2.8024927949101377,1.9799872519204127,0.4432059790086226,0.1386547680082689,5.225686025839137,6,6,2,0,14,-3.1975072050898623,-4.020012748079587,-1.5567940209913775,0.1386547680082689,-8.774313974160863
1641755,2025-04-13,NYK,BKN,False,1.697450042445205,0.7178132339857579,0.3065624266234947,0.1809473011132354,2.721825703054455,4,8,2,0,14,-2.302549957554795,-7.282186766014242,-1.6934375733765052,0.1809473011132354,-11.278174296945545
1641763,2025-04-13,CHI,PHI,False,7.069096182319867,2.853542777514024,1.1470401790441822,0.8806134846851954,11.06967913887806,9,7,2,1,18,-1.9309038176801332,-4.146457222485976,-0.8529598209558178,-0.1193865153148046,-6.93032086112194
1641764,2025-04-13,GSW,LAC,True,15.481175124053449,5.11419373614388,3.6884357611366103,2.7141250263694205,24.28380462133393,19,7,4,2,30,-3.5188248759465512,-1.8858062638561197,-0.3115642388633897,0.7141250263694205,-5.716195378666072
1641772,2025-04-13,CLE,IND,True,3.520533751997468,2.6699522797412887,0.2904232331268429,0.0704049013933696,6.48090926486558,24,12,2,2,38,-20.47946624800253,-9.330047720258712,-1.7095767668731572,-1.9295950986066304,-31.51909073513442
1641774,2025-04-13,WAS,MIA,False,12.79625194906909,4.406417818739516,1.6444040862304132,1.1832065656844943,18.847073854039056,28,11,5,4,44,-15.20374805093091,-6.593582181260484,-3.3555959137695868,-2.816793434315506,-25.152926145960944
1641775,2025-04-13,BOS,CHA,True,1.7213017660993066,1.5214281878369342,0.6059938613550779,0.2182463617966742,3.848723815291277,10,8,1,2,19,-8.278698233900693,-6.478571812163066,-0.39400613864492207,-1.7817536382033259,-15.151276184708724
1641779,2025-04-13,PHX,SAC,False,1.7692912885559071,0.886251936045042,0.2552314721439525,0.3923655427561746,2.9107746967448698,2,1,0,0,3,-0.23070871144409288,-0.11374806395495796,0.2552314721439525,0.3923655427561746,-0.08922530325513023
1641783,2025-04-13,ORL,ATL,False,7.208803698348466,3.1127510403829577,1.449062244352343,0.8207966966428986,11.770616983083777,14,7,6,4,27,-6.791196301651534,-3.8872489596170423,-4.550937755647657,-3.1792033033571014,-15.229383016916223
1641787,2025-04-13,BKN,NYK,True,9.853137135276189,4.586529143658724,2.384767522398193,1.079258409756973,16.824433801333143,2,4,5,0,11,7.853137135276189,0.5865291436587237,-2.615232477601807,1.079258409756973,5.824433801333143
1641794,2025-04-13,OKC,NOP,False,5.378053669227041,3.3941093028705964,1.8034619394215128,0.7877388848709495,10.57562491151908,13,10,1,1,24,-7.621946330772959,-6.605890697129404,0.8034619394215128,-0.21226111512905055,-13.42437508848092
1641801,2025-04-13,CHI,PHI,False,1.9232498294758296,1.2293043352443258,0.630925754738328,0.1611668566420149,3.7834799194585056,6,5,0,0,11,-4.07675017052417,-3.7706956647556744,0.630925754738328,0.1611668566420149,-7.216520080541494
1641809,2025-04-13,BOS,CHA,True,1.964956025147964,1.4735880515158573,0.3646417713760806,0.4507690827276039,3.8031858480398646,4,3,0,1,7,-2.035043974852036,-1.5264119484841427,0.3646417713760806,-0.5492309172723961,-3.1968141519601354
1641810,2025-04-13,NOP,OKC,True,14.433920306174398,2.9607201717786467,2.299777031310864,2.4765117230844043,19.694417509263968,20,6,0,0,26,-5.566079693825602,-3.0392798282213533,2.299777031310864,2.4765117230844043,-6.3055824907360325
1641816,2025-04-13,DEN,HOU,False,4.673980236795172,2.0595119990191564,0.6484546367946438,0.7230192387220152,7.381946872608893,2,0,1,0,3,2.673980236795172,2.0595119990191564,-0.35154536320535623,0.7230192387220152,4.381946872608893
1641817,2025-04-13,NYK,BKN,False,1.9921552822823836,1.0402323075152122,0.4829152225447325,0.1692507193368534,3.515302812342318,0,0,0,0,0,1.9921552822823836,1.0402323075152122,0.4829152225447325,0.1692507193368534,3.515302812342318
1641824,2025-04-13,CHI,PHI,False,14.81337008550318,5.756999574792289,2.4274028165831827,2.159014974992587,22.99777247687872,7,3,1,1,11,7.8133700855031805,2.756999574792289,1.4274028165831827,1.159014974992587,11.997772476878719
1641842,2025-04-13,DET,MIL,False,8.257709706699151,3.871456230166831,1.582254425234897,0.6595135429665999,13.711420362100824,5,0,1,1,6,3.257709706699151,3.871456230166831,0.5822544252348969,-0.3404864570334001,7.711420362100824
1641854,2025-04-13,CLE,IND,True,7.513745075598104,3.0197210321124186,1.7992285719526158,0.615862320021261,12.332694679663218,20,5,5,4,30,-12.486254924401896,-1.9802789678875814,-3.2007714280473842,-3.384137679978739,-17.66730532033678
1641878,2025-04-13,CHA,BOS,False,6.601087088330641,3.0149483126215197,2.824001204005132,0.8264451099140331,12.44003660495733,6,7,6,0,19,0.6010870883306412,-3.9850516873784803,-3.175998795994868,0.8264451099140331,-6.55996339504267
1641890,2025-04-13,MIL,DET,True,2.1592224229228947,1.1300529426313055,0.391172139899311,0.3847928111378044,3.680447505453496,20,4,0,4,24,-17.840777577077105,-2.8699470573686945,0.391172139899311,-3.6152071888621955,-20.319552494546503
1641936,2025-04-13,BOS,CHA,True,3.946124041949642,2.790180425007699,0.3449535260850934,1.0104494274567526,7.08125799304247,1,4,0,0,5,2.946124041949642,-1.2098195749923009,0.3449535260850934,1.0104494274567526,2.0812579930424704
1641998,2025-04-13,LAL,POR,False,2.5362781415868065,2.16436968165851,0.3769280564551539,0.0920180697388455,5.077575879700424,3,8,1,0,12,-0.46372185841319347,-5.83563031834149,-0.6230719435448461,0.0920180697388455,-6.922424120299576
1642258,2025-04-13,ATL,ORL,True,15.543230394318236,3.3708133893007157,1.7778797458487825,1.8031620881286627,20.691923529467758,6,2,0,2,8,9.543230394318236,1.3708133893007157,1.7778797458487825,-0.19683791187133726,12.691923529467758
1642259,2025-04-13,WAS,MIA,False,13.886666783720528,5.249529750463877,2.8911605519249965,1.298431174222214,22.027357086109443,10,8,4,1,22,3.8866667837205284,-2.7504702495361233,-1.1088394480750035,0.2984311742222141,0.02735708610944343
1642261,2025-04-13,LAL,POR,False,3.614441898710474,1.3798792069894252,0.4771834749216656,0.6760678251999143,5.471504580621632,27,8,0,5,35,-23.385558101289526,-6.6201207930105745,0.4771834749216656,-4.323932174800086,-29.528495419378366
1642263,2025-04-13,HOU,DEN,True,11.060668274319289,3.0491290591437985,3.11539391302697,2.2316649739761223,17.225191246489963,0,1,7,0,8,11.060668274319289,2.0491290591437985,-3.88460608697303,2.2316649739761223,9.225191246489963
1642264,2025-04-13,SAS,TOR,True,18.828293668112003,5.972489246963227,6.92335084240006,1.5125636182014637,31.724133757475236,20,8,6,1,34,-1.1717063318879966,-2.027510753036773,0.92335084240006,0.5125636182014637,-2.2758662425247635
1642267,2025-04-13,WAS,MIA,False,15.42031110982334,4.398297086292366,6.082134928855493,2.513978201094228,25.90074312497122,15,7,9,3,31,0.42031110982333963,-2.6017029137076344,-2.917865071144507,-0.4860217989057718,-5.099256875028779
1642269,2025-04-13,SAC,PHX,True,4.334778838712614,2.1615104039511994,1.249765384819087,0.6344483786061335,7.746054627482882,5,5,1,1,11,-0.665221161287386,-2.8384895960488006,0.24976538481908706,-0.36555162139386654,-3.2539453725171184
1642270,2025-04-13,POR,LAL,True,9.31641173082368,9.025980155410709,1.689885217532713,0.482687696674664,20.032277103767143,12,12,3,0,27,-2.6835882691763207,-2.974019844589291,-1.310114782467287,0.482687696674664,-6.967722896232857
1642271,2025-04-13,UTA,MIN,False,14.305978476632976,10.050535257327546,1.9413817919417424,1.0214992059183317,26.297895525902348,15,3,3,2,21,-0.6940215233670237,7.050535257327546,-1.0586182080582576,-0.9785007940816683,5.297895525902348
1642273,2025-04-13,WAS,MIA,False,10.595778081168843,4.187119669848705,2.681366825976263,1.7446832432194712,17.464264576993667,5,2,1,1,8,5.595778081168843,2.1871196698487054,1.681366825976263,0.7446832432194712,9.464264576993667
1642275,2025-04-13,CHA,BOS,False,8.684230034019144,6.137960520671465,1.7855078626692005,1.1306865512624205,16.60769841735979,5,5,2,1,12,3.6842300340191443,1.1379605206714647,-0.21449213733079953,0.13068655126242046,4.607698417359789
1642276,2025-04-13,MIA,WAS,True,11.022602485145446,9.985769431293232,1.017981296302002,0.27705299193705,22.026353212740744,13,4,1,1,18,-1.9773975148545535,5.985769431293232,0.01798129630200207,-0.72294700806295,4.026353212740744
1642277,2025-04-13,IND,CLE,False,5.889700185781239,3.432891324581006,1.2489328616513753,0.7026043215008572,10.571524372013585,15,9,5,1,29,-9.110299814218761,-5.567108675418994,-3.751067138348625,-0.29739567849914283,-18.428475627986415
1642278,2025-04-13,NYK,BKN,False,4.553095180673409,1.6388768499365427,4.072546796428922,0.5705520196350857,10.264518827038934,5,3,4,1,12,-0.44690481932659143,-1.3611231500634573,0.07254679642892192,-0.4294479803649143,-1.735481172961066
1642281,2025-04-13,CLE,IND,True,4.933972750351453,2.461642590974649,1.286355815676833,0.5591550414018751,8.681971157002923,31,7,4,4,42,-26.06602724964855,-4.538357409025351,-2.713644184323167,-3.4408449585981247,-33.31802884299708
1642285,2025-04-13,MEM,DAL,True,2.674505048807585,1.1075968466229509,0.8346971902042738,0.4361785347412491,4.616799085634767,23,2,7,5,32,-20.325494951192415,-0.8924031533770491,-6.165302809795726,-4.5638214652587505,-27.383200914365233
1642345,2025-04-13,PHX,SAC,False,7.729360465557835,4.603837708454167,1.6001668418412591,0.4963561158776978,13.933365015853258,10,4,3,0,17,-2.2706395344421653,0.6038377084541668,-1.3998331581587409,0.4963561158776978,-3.0666349841467415
1642346,2025-04-13,PHX,SAC,False,10.236626120216354,5.468891654980703,0.9072207270770464,1.7219963351420828,16.612738502274198,12,10,3,2,25,-1.7633738797836465,-4.531108345019297,-2.0927792729229537,-0.27800366485791717,-8.387261497725802
1642347,2025-04-13,TOR,SAS,False,13.455374238254072,2.8271310487484707,6.180352323190126,1.6394584186361931,22.462857610192746,11,4,9,2,24,2.4553742382540715,-1.1728689512515293,-2.8196476768098737,-0.3605415813638069,-1.5371423898072543
1642349,2025-04-13,OKC,NOP,False,9.59160847235482,3.066700480777301,2.2971214551396595,0.9608427354374468,14.95543040827184,7,1,2,1,10,2.591608472354819,2.066700480777301,0.2971214551396595,-0.039157264562553196,4.955430408271839
1642352,2025-04-13,MIA,WAS,True,2.9229275176615825,1.562097578224897,0.5161201940573912,0.1669818185767635,5.001145289943896,17,8,1,2,26,-14.077072482338417,-6.437902421775103,-0.4838798059426088,-1.8330181814232365,-20.998854710056104
1642354,2025-04-13,CHA,BOS,False,11.078110938869106,3.658273429712412,3.496532044395609,1.5853451736754522,18.232916412977136,2,5,5,0,12,9.078110938869106,-1.3417265702875878,-1.5034679556043908,1.5853451736754522,6.232916412977136
1642355,2025-04-13,LAL,POR,False,4.068195592509786,1.0285906538870258,0.9881487525418594,0.7162390311727569,6.084934998938727,4,3,6,0,13,0.06819559250978635,-1.9714093461129742,-5.01185124745814,0.7162390311727569,-6.915065001061273
1642358,2025-04-13,WAS,MIA,False,11.030432130795868,2.957844805776344,2.5368808158558918,1.326552913179642,16.525157752428093,14,1,8,2,23,-2.9695678692041323,1.957844805776344,-5.463119184144109,-0.6734470868203579,-6.474842247571907
1642359,2025-04-13,NYK,BKN,False,1.49921356860093,0.7550826295831023,0.3186610888753902,0.2212538599728906,2.5729572870594546,4,4,0,0,8,-2.50078643139907,-3.2449173704168977,0.3186610888753902,0.2212538599728906,-5.427042712940546
1642366,2025-04-13,GSW,LAC,True,7.482279874400034,2.286737877241628,1.0584569989474848,1.6535353393364072,10.82747475058918,0,3,0,0,3,7.482279874400034,-0.7132621227583722,1.0584569989474848,1.6535353393364072,7.827474750589181
1642367,2025-04-13,TOR,SAS,False,12.900994534500768,7.492194857509041,4.787973776242612,0.712095927377062,25.18116316825252,9,14,10,0,33,3.900994534500768,-6.507805142490959,-5.212026223757388,0.712095927377062,-7.818836831747479
1642368,2025-04-13,HOU,DEN,True,7.682913291601771,5.623810003498521,0.8900374555400354,0.1227515614276532,14.196760750640312,2,4,0,0,6,5.682913291601771,1.6238100034985212,0.8900374555400354,0.1227515614276532,8.196760750640312
1642382,2025-04-13,OKC,NOP,False,5.017305419441634,2.0850919452840704,0.9959033255036426,0.6042678817434735,8.098300690229342,26,10,2,2,38,-20.982694580558366,-7.91490805471593,-1.0040966744963575,-1.3957321182565265,-29.901699309770656
1642402,2025-04-13,IND,CLE,False,3.2057175126387154,1.981266531760254,0.5867196191481505,0.2137490333817207,5.773703663547193,8,8,1,0,17,-4.794282487361285,-6.018733468239746,-0.4132803808518495,0.2137490333817207,-11.226296336452807
1642403,2025-04-13,SAC,PHX,True,2.9777242029348328,1.782571889850742,0.5097632507079429,0.2363480197453353,5.270059343493558,2,2,0,0,4,0.9777242029348328,-0.2174281101492579,0.5097632507079429,0.2363480197453353,1.2700593434935579
1642419,2025-04-13,TOR,SAS,False,9.808986887168528,4.264622526940036,1.3787172327072144,2.163432952154962,15.452326646815855,25,9,3,7,37,-15.191013112831472,-4.735377473059964,-1.6212827672927856,-4.836567047845039,-21.547673353184145
1642443,2025-04-13,CHI,PHI,False,2.4270782644101647,1.180208282135685,0.7929106750092442,0.3502646812743407,4.400197221555095,4,0,3,0,7,-1.5729217355898353,1.180208282135685,-2.207089324990756,0.3502646812743407,-2.5998027784449054
1642450,2025-04-13,DET,MIL,False,1.8436639587183248,0.6811814624087418,0.3183032653327256,0.3002778862230256,2.8431486864598208,2,2,3,0,7,-0.15633604128167522,-1.3188185375912582,-2.681696734667274,0.3002778862230256,-4.156851313540179
1642484,2025-04-13,IND,CLE,False,4.136296540298276,1.721502235541518,1.438117510622317,0.6205653379360553,7.295916286462125,13,5,6,3,24,-8.863703459701725,-3.278497764458482,-4.561882489377683,-2.379434662063945,-16.704083713537877
1642505,2025-04-13,OKC,NOP,False,2.96769457075647,2.416366595849882,0.7007574614375258,0.4790379045169631,6.084818628043829,5,5,1,1,11,-2.03230542924353,-2.583633404150118,-0.2992425385624742,-0.520962095483037,-4.915181371956171
1642530,2025-04-13,MEM,DAL,True,2.07125579707178,0.9919782364499314,0.7981961513832874,0.3421291676523911,3.86143018490499,12,5,5,3,22,-9.92874420292822,-4.008021763550069,-4.201803848616713,-2.657870832347609,-18.13856981509501
